MMSI,name,imo,callsign,vessel_type,length_m,width_m,n_fixes,t_first,t_last,sog_max,sog_mean,type_label
603744,(no name broadcast),,,,,,91,2019-05-09 14:14:04,2019-05-09 19:18:39,35.5,18.14835164835165,unknown
205736000,(no name broadcast),,,,,,382,2019-05-11 14:25:57,2019-05-12 23:17:10,14.5,2.3073298429319373,unknown
209218000,UBC SYDNEY,IMO9236078,P3AF9,70.0,171.0,27.0,1841,2019-05-08 23:20:09,2019-05-12 23:18:01,0.0,0.0,cargo
209294000,TWO MILLION WAYS,IMO9334571,5BHK3,80.0,228.0,32.0,745,2019-05-11 08:16:44,2019-05-12 23:19:13,12.0,1.4540939597315437,tanker
209946000,LOUKAS I,IMO9281578,C4FD2,80.0,182.0,32.0,369,2019-05-10 13:26:54,2019-05-11 02:37:18,15.9,5.405149051490515,tanker
212539000,(no name broadcast),,,,,,718,2019-05-08 23:20:36,2019-05-10 06:39:03,13.7,3.2824512534818946,unknown
212688000,(no name broadcast),,,,,,1689,2019-05-08 23:21:41,2019-05-12 23:18:20,0.0,0.0,unknown
212970000,STH LONDON,IMO9747405,5BJA4,70.0,199.0,,1344,2019-05-09 19:25:35,2019-05-12 23:17:59,11.8,0.30386904761904765,cargo
215077000,(no name broadcast),,,,,,1566,2019-05-08 23:23:11,2019-05-12 23:19:04,8.6,0.16634738186462325,unknown
215189000,(no name broadcast),,,,,,168,2019-05-12 15:32:03,2019-05-12 23:19:36,17.0,1.1922619047619047,unknown
215810000,SEAOATH,IMO9290361,9HBO8,80.0,243.0,42.0,1537,2019-05-08 23:20:28,2019-05-12 23:17:51,0.9,0.21113281250000002,tanker
215929000,CATALONIA,IMO9309526,9HWS7,70.0,188.0,27.0,233,2019-05-12 12:39:45,2019-05-12 23:19:28,12.0,3.2334763948497853,cargo
218433000,BBC EVEREST,IMO9508407,DGNF2,70.0,125.0,22.0,237,2019-05-12 10:32:04,2019-05-12 23:18:40,11.1,0.9818565400843883,cargo
218705000,(no name broadcast),,,,,,1861,2019-05-08 23:20:05,2019-05-12 23:18:26,16.3,1.1150994089199355,unknown
219005000,NAVIGARE PACTOR,IMO9583653,OXVG2,80.0,183.0,32.0,949,2019-05-08 23:21:15,2019-05-11 03:15:34,15.2,1.2986301369863014,tanker
219028000,HAPPY CONDOR,IMO9368780,OXJN2,83.0,120.0,19.0,188,2019-05-08 23:22:46,2019-05-09 23:15:40,15.6,8.260106382978725,tanker
219151000,NORDIC ANN,IMO9422665,OYCZ2,82.0,134.0,22.0,1911,2019-05-08 23:22:23,2019-05-12 23:17:56,14.0,1.8122448979591836,tanker
219152000,NORDIC AKI,IMO9505974,OYCP2,80.0,134.0,22.0,1969,2019-05-08 23:21:53,2019-05-12 23:18:24,15.7,1.88933468765871,tanker
219153000,NORDIC MARI,IMO9422677,OYDF2,89.0,146.0,24.0,1674,2019-05-08 23:21:41,2019-05-12 23:18:39,0.7,0.05555555555555555,tanker
219602000,NORD SUPREME,IMO9692131,OWPB2,80.0,183.0,32.0,920,2019-05-10 21:49:07,2019-05-12 23:18:06,8.9,0.5541304347826087,tanker
220555000,TORM THAMES,IMO9318333,OYNK2,80.0,183.0,32.0,1699,2019-05-08 23:22:44,2019-05-12 23:19:22,0.4,0.042613301942319014,tanker
228353600,CMA CGM OTELLO,IMO9299628,FMEJ,70.0,334.0,42.0,875,2019-05-08 23:20:29,2019-05-10 16:48:24,16.3,1.9185142857142858,cargo
229315000,SEA HELIOS,IMO9279719,9HA3224,80.0,179.0,32.0,1017,2019-05-10 16:30:27,2019-05-12 13:47:12,12.6,1.4771878072763027,tanker
229577000,SEALAND WASHINGTON,IMO9196852,9HA3421,70.0,304.0,40.0,394,2019-05-12 02:58:37,2019-05-12 23:17:13,14.3,1.499746192893401,cargo
229641000,HIGH DISCOVERY,IMO9674725,9HA3476,80.0,183.0,32.0,1768,2019-05-08 23:21:50,2019-05-12 23:19:13,0.0,0.0,tanker
229710000,THALATTA,IMO9702455,9HA3538,70.0,199.0,36.0,416,2019-05-10 09:57:02,2019-05-11 02:32:40,18.7,4.680769230769231,cargo
229843000,PETRA,IMO9597630,9HA3655,70.0,179.0,28.0,1815,2019-05-08 23:22:46,2019-05-12 23:18:25,9.9,0.4112396694214876,cargo
232018713,BEAR OF BERMONDSEY,IMO0000000,MECB3,37.0,12.0,4.0,107,2019-05-09 12:23:11,2019-05-09 20:20:11,10.1,5.450467289719627,sailing/pleasure
232020054,CARIBE LIZA,IMO9352133,MEOE9,82.0,129.0,20.0,1824,2019-05-08 23:20:52,2019-05-12 23:17:44,13.1,0.7365679824561403,tanker
235076272,PARAMOUNT HANOVER,IMO9398723,2CWA7,80.0,249.0,44.0,875,2019-05-08 23:22:02,2019-05-10 19:27:19,11.6,2.259542857142857,tanker
235076276,PARAMOUNT HATTERAS,IMO9453975,2CWB5,80.0,249.0,44.0,1720,2019-05-08 23:22:01,2019-05-12 23:19:12,3.2,0.08686046511627907,tanker
235093299,DOROTHEA SCHULTE,IMO9618862,2FQB7,80.0,113.0,19.0,1285,2019-05-10 06:05:08,2019-05-12 23:19:29,14.6,1.2525291828793774,tanker
235093505,LINCOLN PARK,IMO9640097,2FQX9,80.0,140.0,24.0,1685,2019-05-08 23:21:39,2019-05-12 23:18:38,0.9,0.13329376854599406,tanker
235095943,MOONBEAM,IMO9493987,2GBD7,70.0,189.0,32.0,1323,2019-05-10 11:38:32,2019-05-12 23:17:26,14.9,1.6486016628873772,cargo
235101304,BW OAK,IMO9320764,2GXK9,80.0,225.0,36.0,1966,2019-05-08 23:21:49,2019-05-12 23:18:20,16.5,1.3468463886063073,tanker
235108697,ZOE SCHULTE,IMO9675078,2IDB5,80.0,146.0,22.0,1844,2019-05-08 23:20:51,2019-05-12 23:19:16,15.8,1.1257592190889372,tanker
236352000,BBC ROMANIA,IMO9195420,ZDHR8,70.0,98.0,14.0,778,2019-05-11 04:08:09,2019-05-12 23:17:04,10.1,0.5506426735218509,cargo
240480000,MINERVA CLARA,IMO9297333,SXGT,80.0,243.0,42.0,1686,2019-05-08 23:21:32,2019-05-12 23:17:11,3.9,0.061862396204033214,tanker
240904000,KINAROS,IMO9405538,SVAO9,80.0,183.0,32.0,1790,2019-05-08 23:20:46,2019-05-12 23:14:49,1.0,0.018603351955307264,tanker
240991000,FOURNI,IMO9405564,SVAX9,80.0,183.0,32.0,1968,2019-05-08 23:21:24,2019-05-12 23:19:11,15.4,1.4680894308943089,tanker
241029000,URAGA PRINCESS,IMO9439204,SVBB3,80.0,228.0,42.0,1467,2019-05-09 11:59:37,2019-05-12 23:18:40,4.2,0.12004089979550102,tanker
241409000,DILOS,IMO9711535,SVCH4,80.0,147.0,,203,2019-05-12 11:54:12,2019-05-12 23:17:03,9.4,1.0083743842364532,tanker
241618000,(no name broadcast),,,,,,1140,2019-05-08 23:20:52,2019-05-11 03:16:02,13.6,2.1971052631578947,unknown
244030000,HUDSONGRACHT,IMO9433262,PBTP,70.0,138.0,21.0,166,2019-05-08 23:22:59,2019-05-09 23:52:10,16.3,7.920481927710843,cargo
244150212,(no name broadcast),,,,,,774,2019-05-08 23:21:16,2019-05-10 15:24:54,11.0,1.0222222222222224,unknown
245118000,PACIFIC DAWN,IMO9558464,PBTM,70.0,105.0,15.0,579,2019-05-08 23:20:08,2019-05-09 23:36:00,14.5,4.280829015544041,cargo
245394000,HAPPY ROVER,IMO9139309,PCBZ,70.0,138.0,22.0,1785,2019-05-08 23:22:18,2019-05-12 17:33:49,15.9,1.372436974789916,cargo
245980000,MOMENTUM SCAN,IMO9534432,PCGO,70.0,116.0,18.0,1769,2019-05-08 23:22:37,2019-05-12 23:16:56,0.1,5.6529112492933866e-05,cargo
246100000,SUOMIGRACHT,IMO9288057,PHBT,70.0,185.0,25.0,1746,2019-05-09 13:14:29,2019-05-12 20:04:56,17.7,2.3556701030927836,cargo
247224200,BARBARICA,IMO9383443,ICCG,80.0,143.0,23.0,466,2019-05-10 22:22:46,2019-05-11 10:47:07,9.2,2.1974248927038627,tanker
247275300,FOUR WIND,IMO9419553,IBUN,80.0,249.0,43.0,1040,2019-05-08 23:21:52,2019-05-10 22:12:51,10.9,2.201923076923077,tanker
247310400,GRANDE SIERRA LEONE,IMO9437945,IBOM,70.0,211.0,32.0,1745,2019-05-09 12:01:10,2019-05-12 05:05:29,17.8,2.4201719197707736,cargo
247379500,(no name broadcast),,,,,,798,2019-05-11 06:38:49,2019-05-12 23:18:45,16.6,1.1339598997493734,unknown
248160000,WLADYSLAW ORKAN,IMO9271925,9HA4539,79.0,200.0,28.0,1247,2019-05-10 06:22:12,2019-05-12 23:18:19,13.2,1.336888532477947,cargo
248531000,(no name broadcast),,,,,,1378,2019-05-09 18:42:00,2019-05-12 23:19:08,11.5,0.277866473149492,unknown
248571000,STEALTH BERANA,IMO9437672,9HA2419,80.0,249.0,43.0,241,2019-05-12 10:37:12,2019-05-12 23:19:39,10.5,1.574273858921162,tanker
249340000,HAFNIA KIRSTEN,IMO9732682,9HA4203,80.0,,,506,2019-05-08 23:21:47,2019-05-10 05:10:30,0.9,0.20098814229249012,tanker
249345000,HAFNIA HENRIETTE,IMO9726607,9HA4204,80.0,183.0,,206,2019-05-12 14:23:48,2019-05-12 23:17:11,10.6,2.712621359223301,tanker
249737000,HELLAS SERENITY,IMO9354624,9HZF9,80.0,225.0,36.0,189,2019-05-12 14:01:15,2019-05-12 23:18:39,14.7,2.494179894179894,tanker
255805614,HAYDN,IMO9308429,CQFM,70.0,221.0,29.0,145,2019-05-12 16:29:51,2019-05-12 23:18:18,11.1,2.2013793103448274,cargo
255805816,NADJA,IMO9362815,CQAN,70.0,118.0,15.0,842,2019-05-11 00:06:51,2019-05-12 23:16:09,11.8,1.1148456057007126,cargo
255806095,AS PATRIA,IMO9294525,CQIX5,70.0,210.0,30.0,1933,2019-05-08 23:22:07,2019-05-12 20:46:33,19.5,1.1860838075530262,cargo
255806166,(no name broadcast),,,,,,1794,2019-05-08 23:20:27,2019-05-12 23:17:30,13.8,1.1672240802675586,unknown
255806183,(no name broadcast),,,,,,432,2019-05-11 18:20:12,2019-05-12 23:18:16,13.3,0.699537037037037,unknown
256396000,ARCTIC BAY,IMO9318034,9HTD8,80.0,183.0,32.0,1613,2019-05-08 23:20:42,2019-05-12 23:17:43,0.7,0.07743335399876007,tanker
256691000,BOW GALLANT,IMO9403786,9HA3984,80.0,120.0,19.0,653,2019-05-11 09:59:45,2019-05-12 23:11:35,14.3,1.0310872894333842,tanker
256734000,HELLAS HERCULES,IMO9721138,9HA3993,80.0,225.0,,1091,2019-05-10 17:38:55,2019-05-12 23:17:41,13.6,1.1351054078826766,tanker
256785000,ASTAKOS,IMO9552343,9HA4009,70.0,197.0,32.0,588,2019-05-11 15:29:09,2019-05-12 23:17:31,8.7,0.44489795918367353,cargo
257375000,FALKANGER,IMO9387695,LAFK7,80.0,183.0,32.0,2932,2019-05-08 23:20:35,2019-05-12 23:18:50,13.0,1.2491473396998636,tanker
257384000,(no name broadcast),,,,,,1480,2019-05-08 23:20:27,2019-05-12 23:17:59,12.9,2.4061486486486485,unknown
258804000,BOW TRIUMPH,IMO9669902,LARW7,80.0,182.0,32.0,493,2019-05-11 00:34:37,2019-05-12 01:44:24,13.6,2.6878296146044622,tanker
258929000,CLIPPER MOON,IMO9253820,LAYU5,80.0,204.0,32.0,19,2019-05-08 23:20:26,2019-05-08 23:57:36,13.8,13.4,tanker
259138000,CLIPPER VANGUARD,IMO9789166,LAZK7,80.0,,,927,2019-05-08 23:20:25,2019-05-10 22:21:02,10.5,0.25145631067961166,tanker
259701000,SPAR HYDRA,IMO9490806,LAKL7,70.0,189.0,32.0,1872,2019-05-08 23:21:23,2019-05-12 23:17:08,11.4,1.0612713675213676,cargo
259830000,BOW CARDINAL,IMO9114244,LADQ5,80.0,183.0,32.0,1408,2019-05-08 23:20:12,2019-05-12 23:17:59,8.0,0.4478693181818182,tanker
259928000,BOW CECIL,IMO9143219,LAGU5,80.0,183.0,32.0,1694,2019-05-08 23:22:13,2019-05-12 23:17:25,11.6,0.39120425029515943,tanker
271045641,JUPI,IMO0000000,YMA8888,36.0,10.0,3.0,49,2019-05-09 04:26:39,2019-05-12 12:41:40,0.1,0.0020408163265306124,sailing/pleasure
271045704,(no name broadcast),,,,,,530,2019-05-08 23:20:22,2019-05-10 01:18:36,13.5,4.826037735849057,unknown
303198000,NRC ADMIRAL,IMO8978461,WCC8506,90.0,33.0,7.0,1746,2019-05-08 23:22:59,2019-05-12 23:19:58,0.1,0.0032646048109965637,other
303270000,OVERSEAS SANTORINI,IMO9435909,WOSI,80.0,183.0,32.0,1691,2019-05-09 10:05:58,2019-05-12 23:19:07,13.1,0.5386753400354819,tanker
303520000,SULPHUR ENTERPRISE,IMO9077044,KAKB,80.0,159.0,27.0,530,2019-05-11 15:16:59,2019-05-12 15:02:23,15.4,3.047169811320755,tanker
305514000,ASCL EMMA,IMO9474371,V2EQ3,70.0,122.0,18.0,605,2019-05-08 23:21:07,2019-05-10 00:27:06,12.8,4.094380165289256,cargo
305851000,SLOMAN HERAKLES,IMO9466726,V2FY4,80.0,145.0,23.0,1740,2019-05-08 23:22:02,2019-05-12 23:16:26,0.6,0.28155172413793106,tanker
305908000,BBC RUBY,IMO9563744,V2GD8,70.0,153.0,,1418,2019-05-10 01:53:18,2019-05-12 23:19:26,15.0,1.7905500705218618,cargo
309198000,NAVIGATOR SPIRIT,IMO9313498,C6WL4,80.0,240.0,42.0,577,2019-05-11 16:56:32,2019-05-12 23:18:18,12.0,0.931889081455806,tanker
309436000,LIBERTY OF THE SEAS,IMO9330032,C6VQ8,60.0,339.0,38.0,418,2019-05-12 03:15:58,2019-05-12 23:19:52,16.5,2.235645933014354,passenger
309518000,GRIMSTAD,IMO9336402,C6WG9,80.0,240.0,42.0,908,2019-05-10 22:51:24,2019-05-12 23:19:53,11.7,0.8997797356828194,tanker
311000346,CONTINENTAL,IMO9714381,C6BR8,80.0,225.0,,302,2019-05-12 07:24:50,2019-05-12 23:18:48,12.5,1.2135761589403973,tanker
311000375,COPERNICUS,IMO9706516,C6BV4,80.0,226.0,,501,2019-05-11 21:06:32,2019-05-12 23:18:43,10.5,0.8580838323353294,tanker
311056700,TELLEVIKEN,IMO9285835,C6ZI7,80.0,249.0,43.0,1748,2019-05-08 23:20:54,2019-05-12 23:17:12,1.8,0.08037757437070939,tanker
312407000,(no name broadcast),,,,,,626,2019-05-08 23:21:12,2019-05-10 09:31:15,7.4,0.33178913738019167,unknown
314449000,NORDIKA DESGAGNES,IMO9508316,8PAO2,79.0,143.0,23.0,1744,2019-05-08 23:21:39,2019-05-12 23:18:38,0.6,0.060607798165137616,cargo
316039105,FISH EAGLE II,IMO0000000,CHA2032,36.0,15.0,4.0,1319,2019-05-08 23:22:02,2019-05-12 23:17:30,0.3,0.013646702047005308,sailing/pleasure
319014200,STOLT AGUILA,IMO9391983,ZCYX9,80.0,123.0,20.0,2000,2019-05-08 23:22:32,2019-05-12 23:18:33,11.3,1.8879000000000001,tanker
319017600,STOLT FLAMENCO,IMO9391995,ZGAH7,80.0,123.0,20.0,636,2019-05-08 23:20:42,2019-05-10 04:52:35,12.8,4.932389937106918,tanker
319025300,STOLT COMMITMENT,IMO9168647,ZGBH8,80.0,183.0,32.0,1059,2019-05-10 11:51:50,2019-05-12 23:17:13,13.7,0.42360717658168084,tanker
319112500,STOLT TENACITY,IMO9680102,ZGEY3,80.0,,,1456,2019-05-10 01:08:29,2019-05-12 23:18:35,12.1,1.5337225274725275,tanker
319120200,(no name broadcast),,,,,,1755,2019-05-08 23:23:47,2019-05-12 23:18:14,0.0,0.0,unknown
319121000,STOLT SKUA,IMO9199311,ZCPQ2,80.0,112.0,19.0,1895,2019-05-08 23:20:21,2019-05-12 23:18:35,12.2,0.7868073878627968,tanker
319130800,(no name broadcast),,,,,,1793,2019-05-08 23:21:55,2019-05-12 17:26:31,13.4,1.3376464026770776,unknown
319194000,STOLT TEAL,IMO9199323,ZCPT8,80.0,112.0,19.0,1087,2019-05-09 04:22:57,2019-05-11 12:18:29,13.8,1.9337626494940203,tanker
319280000,STOLT FACTO,IMO9359363,ZCXZ4,80.0,182.0,32.0,1824,2019-05-08 23:21:48,2019-05-12 23:19:44,14.5,1.0649122807017544,tanker
319499000,STOLT INSPIRATION,IMO9102083,ZCSP8,80.0,176.0,31.0,1926,2019-05-08 23:20:05,2019-05-12 23:17:35,14.4,1.3144340602284528,tanker
319591000,STOLT SPRAY,IMO9168611,ZCSQ9,80.0,162.0,23.0,1621,2019-05-08 23:21:26,2019-05-12 23:18:26,0.6,0.1701418877236274,tanker
338031555,OLDMAN & THE C,,,37.0,11.0,4.0,55,2019-05-11 14:29:39,2019-05-12 22:36:19,22.6,2.1685185185185185,sailing/pleasure
338032253,CHINOOK,,,37.0,15.0,4.0,1166,2019-05-08 23:21:29,2019-05-12 23:18:31,0.1,0.005060034305317324,sailing/pleasure
338038104,TEXAS-P-REAUX,,,37.0,10.0,,883,2019-05-08 23:24:47,2019-05-12 23:13:08,0.4,0.021517553793884484,sailing/pleasure
338046245,KNOTCHO GRANDE,IMO0000000,,37.0,16.0,5.0,1112,2019-05-08 23:20:48,2019-05-12 23:19:30,1.3,0.14622302158273381,sailing/pleasure
338050097,FELICITY,IMO0000000,,36.0,14.0,4.0,4,2019-05-11 17:49:55,2019-05-11 18:01:57,0.0,0.0,sailing/pleasure
338052928,TURANGALILA,,,37.0,21.0,5.0,13,2019-05-12 19:43:41,2019-05-12 20:59:12,5.3,0.9769230769230769,sailing/pleasure
338054682,WHICHAWAY,,,37.0,14.0,,304,2019-05-08 23:20:57,2019-05-10 15:35:10,0.7,0.02993421052631579,sailing/pleasure
338066377,AGAPE,,,37.0,10.0,,194,2019-05-09 01:45:18,2019-05-12 22:29:20,0.1,0.0005154639175257732,sailing/pleasure
338071388,BRIGHT SPOT,,,37.0,10.0,,140,2019-05-09 16:44:33,2019-05-09 21:29:59,7.3,3.7635714285714283,sailing/pleasure
338073615,LADY PARAGON,,,37.0,20.0,,1183,2019-05-08 23:22:54,2019-05-12 23:11:22,0.2,0.012848689771766696,sailing/pleasure
338085778,PURE PLEASURE,,,37.0,14.0,,349,2019-05-10 21:55:01,2019-05-12 23:17:33,0.8,0.0169054441260745,sailing/pleasure
338087003,BRIDIE,,,37.0,12.0,,1821,2019-05-08 23:20:24,2019-05-12 23:17:09,0.2,0.019330038440417356,sailing/pleasure
338094352,GOLD RUSH,,,37.0,11.0,3.0,389,2019-05-08 23:32:29,2019-05-12 23:01:38,0.1,0.0007712082262210799,sailing/pleasure
338095229,WHAT'S NEXT?,,,37.0,13.0,4.0,919,2019-05-08 23:22:36,2019-05-12 23:18:46,0.2,0.0008705114254624592,sailing/pleasure
338095472,SEASCAPE,,,37.0,11.0,,16,2019-05-09 15:51:42,2019-05-09 16:40:10,4.1,0.8,sailing/pleasure
338102612,SLOW M'OCEAN,,,37.0,13.0,4.0,751,2019-05-08 23:28:26,2019-05-12 23:18:37,0.1,0.00013315579227696407,sailing/pleasure
338106744,CHEKARA 2,,,37.0,,,6,2019-05-10 19:38:14,2019-05-11 17:47:05,1.1,0.26666666666666666,sailing/pleasure
338117929,STARDUST,,,37.0,21.0,5.0,1109,2019-05-08 23:21:11,2019-05-12 23:18:27,0.2,0.014788097385031562,sailing/pleasure
338125636,FRESH AIRE,,,37.0,13.0,,77,2019-05-12 18:05:53,2019-05-12 23:02:48,0.4,0.007792207792207793,sailing/pleasure
338129197,AUGUST MOON,IMO0000000,,37.0,12.0,3.0,1432,2019-05-08 23:20:55,2019-05-12 23:17:55,0.1,0.001047486033519553,sailing/pleasure
338134237,WE'LL SEA,,,37.0,13.0,,1229,2019-05-08 23:28:20,2019-05-12 23:18:40,1.1,0.09601301871440195,sailing/pleasure
338137726,ISLAND GYPSY,,,37.0,13.0,,130,2019-05-12 16:36:35,2019-05-12 23:17:22,8.1,5.163846153846153,sailing/pleasure
338141846,RAGGED EDGE,IMO0000000,,37.0,19.0,4.0,1016,2019-05-08 23:20:43,2019-05-12 23:19:39,0.2,0.007972440944881889,sailing/pleasure
338142336,ONDINE,,,37.0,12.0,,1507,2019-05-08 23:22:19,2019-05-12 17:29:20,17.5,0.8016589250165892,sailing/pleasure
338143198,OUR TIME,,,37.0,12.0,,1234,2019-05-08 23:22:12,2019-05-12 23:16:45,0.2,0.01061588330632091,sailing/pleasure
338147366,MOON PALACE,,,37.0,19.0,5.0,2182,2019-05-08 23:22:41,2019-05-12 23:19:10,8.9,0.12676443629697526,sailing/pleasure
338148356,SERENITY,,,37.0,12.0,,578,2019-05-08 23:23:47,2019-05-12 23:11:50,0.1,0.0017301038062283738,sailing/pleasure
338151715,ECHO TANGO,,,37.0,15.0,4.0,766,2019-05-08 23:21:06,2019-05-12 23:14:05,0.9,0.045430809399477814,sailing/pleasure
338152638,BLESSINGS,,,37.0,,,899,2019-05-08 23:25:18,2019-05-12 23:11:16,0.1,0.009232480533926586,sailing/pleasure
338154595,HENRY Z,IMO0000000,,37.0,13.0,4.0,1410,2019-05-08 23:22:27,2019-05-12 23:19:41,0.1,0.007375886524822696,sailing/pleasure
338155514,AEOLUS,,,37.0,12.0,,772,2019-05-08 23:21:16,2019-05-10 19:38:28,0.3,0.033031088082901554,sailing/pleasure
338156221,PRO RE NATA,,,37.0,10.0,,969,2019-05-08 23:20:08,2019-05-12 23:08:39,0.1,0.008875128998968008,sailing/pleasure
338156864,MORE HOURS ALONE,IMO0000000,WCO5223,37.0,15.0,5.0,5,2019-05-10 08:46:40,2019-05-10 13:32:41,1.2,0.5,sailing/pleasure
338159835,FIFTY/FIFTY II,IMO0000000,,37.0,18.0,6.0,1076,2019-05-08 23:21:17,2019-05-12 23:15:37,0.2,0.01784386617100372,sailing/pleasure
338161334,BLACKJACK IV,IMO0000000,,37.0,19.0,6.0,309,2019-05-10 14:42:52,2019-05-12 23:15:03,9.9,5.1087378640776695,sailing/pleasure
338162888,RUMLINE,,,37.0,16.0,,1611,2019-05-08 23:22:46,2019-05-12 23:18:03,0.5,0.06517690875232775,sailing/pleasure
338163793,BEACHCOMBER,,,37.0,14.0,,1094,2019-05-08 23:33:41,2019-05-12 23:18:04,7.3,0.010786106032906764,sailing/pleasure
338164291,LADYHAWK,,,37.0,11.0,,122,2019-05-09 12:37:01,2019-05-09 19:32:10,10.3,8.891803278688524,sailing/pleasure
338164409,MAREN,,,37.0,13.0,,584,2019-05-08 23:24:47,2019-05-12 22:53:27,8.6,0.2446460980036298,sailing/pleasure
338165609,SPIRIT,,,37.0,9.0,,1062,2019-05-08 23:21:05,2019-05-12 23:18:09,0.1,0.00028248587570621475,sailing/pleasure
338165811,FAMILY TRADITION FIS,,,37.0,11.0,4.0,253,2019-05-09 15:06:11,2019-05-10 15:02:41,42.4,2.809486166007905,sailing/pleasure
338166723,VIGILANT,,,37.0,12.0,,4,2019-05-11 18:46:36,2019-05-11 19:03:07,0.2,0.07500000000000001,sailing/pleasure
338168501,HPA FIREBOAT 3,,,90.0,,,2476,2019-05-08 23:22:18,2019-05-12 23:18:58,42.8,2.653957996768982,other
338170505,WHITECAP,,,37.0,10.0,,3,2019-05-12 19:09:57,2019-05-12 20:01:57,0.3,0.13333333333333333,sailing/pleasure
338170774,GRACE,,,37.0,15.0,,121,2019-05-09 01:17:06,2019-05-12 20:18:52,0.2,0.012396694214876033,sailing/pleasure
338173166,AMANHECER,,,37.0,11.0,,11,2019-05-09 19:58:59,2019-05-09 21:17:00,0.1,0.009090909090909092,sailing/pleasure
338182138,CENTENNIAL 76,,,30.0,11.0,,325,2019-05-08 23:22:36,2019-05-10 16:01:53,0.2,0.03292307692307692,fishing
338183098,CLANDESTINE,,,37.0,13.0,,136,2019-05-09 01:29:53,2019-05-12 21:19:21,0.1,0.0007352941176470588,sailing/pleasure
338184269,A FRAYED KNOT,,,37.0,14.0,,1385,2019-05-08 23:22:03,2019-05-12 23:15:17,0.2,0.0067148014440433215,sailing/pleasure
338188000,INDEPENDENCE,IMO9710191,WSID,80.0,186.0,,730,2019-05-11 10:43:41,2019-05-12 23:18:39,8.5,0.6382191780821918,tanker
338193179,NIPPLE UP,,,37.0,14.0,,838,2019-05-08 23:21:36,2019-05-12 23:17:33,0.2,0.011336515513126491,sailing/pleasure
338193488,WANDERER,,,37.0,14.0,,1089,2019-05-08 23:32:58,2019-05-12 23:12:30,0.1,0.003856749311294766,sailing/pleasure
338198401,Y KNOT ANOTHER,IMO0000000,,37.0,13.0,4.0,1089,2019-05-08 23:24:59,2019-05-12 23:15:19,0.2,0.0029384756657483933,sailing/pleasure
338198985,MYSTIC WINDS,,,37.0,,,128,2019-05-09 17:26:26,2019-05-09 21:21:24,7.2,4.01640625,sailing/pleasure
338200158,SPARTACUS,,,36.0,,,1383,2019-05-08 23:22:36,2019-05-12 23:17:23,0.2,0.01728127259580622,sailing/pleasure
338202326,AN ANGEL,,,37.0,11.0,,890,2019-05-08 23:24:42,2019-05-12 23:18:28,3.9,0.026404494382022473,sailing/pleasure
338203000,LEIGH ANN MORAN,IMO9778325,WDI3096,31.0,35.0,,990,2019-05-10 22:14:05,2019-05-12 23:18:24,11.5,0.8866666666666666,tug/towing
338203917,BLUEWATER MAFIA,,,30.0,13.0,,713,2019-05-08 23:20:24,2019-05-12 23:01:15,1.9,0.011220196353436185,fishing
338204456,GAYLE WINS,IMO0000000,,36.0,15.0,3.0,1373,2019-05-08 23:24:57,2019-05-12 23:16:38,0.3,0.016096139839766935,sailing/pleasure
338215000,HARVEY GLADIATOR,IMO9752515,WDH6366,90.0,61.0,14.0,545,2019-05-09 07:28:27,2019-05-12 23:17:22,11.7,5.022385321100917,other
338216139,THE GOOD WITCH,,,37.0,,,67,2019-05-09 01:08:28,2019-05-12 09:39:59,29.1,2.3686567164179104,sailing/pleasure
338217000,LIBERTY GLORY,IMO9228136,WADP,70.0,190.0,32.0,344,2019-05-08 23:21:06,2019-05-09 23:33:26,13.1,6.7354651162790695,cargo
338219658,DONEFLYN,,,37.0,,,1158,2019-05-08 23:22:15,2019-05-12 23:18:04,0.1,0.007858376511226253,sailing/pleasure
338226033,SOLSTICE,,,36.0,,,957,2019-05-08 23:20:21,2019-05-12 23:14:24,0.1,0.001149425287356322,sailing/pleasure
338228091,PELAGO,,,37.0,,,1185,2019-05-08 23:21:32,2019-05-12 23:18:17,0.3,0.021518987341772152,sailing/pleasure
338228267,FRIEND SHIP,,,37.0,,,1144,2019-05-08 23:21:14,2019-05-12 23:18:15,0.2,0.011451048951048952,sailing/pleasure
338229042,BONNIE LASS,,,37.0,,,1094,2019-05-08 23:22:10,2019-05-12 23:16:10,0.2,0.008043875685557587,sailing/pleasure
338236078,HEY JUDE,IMO0000000,,37.0,12.0,4.0,1113,2019-05-08 23:22:43,2019-05-12 23:18:22,0.9,0.0747529200359389,sailing/pleasure
338237288,AMAZING GRACE,,,37.0,,,1124,2019-05-08 23:22:56,2019-05-12 23:16:42,0.2,0.013967971530249111,sailing/pleasure
338238185,HOT TEMPER II,IMO0000000,,36.0,17.0,4.0,1046,2019-05-08 23:20:28,2019-05-12 23:14:57,0.2,0.0022944550669216066,sailing/pleasure
338240421,NIKKI ANN,,,37.0,,,43,2019-05-09 18:53:15,2019-05-09 21:48:41,8.2,1.9000000000000001,sailing/pleasure
338245332,RUBAIYAT,IMO0000000,,37.0,12.0,4.0,1185,2019-05-08 23:23:29,2019-05-12 23:14:01,4.6,0.019409282700421943,sailing/pleasure
338245604,MORNING STAR,IMO0000000,,37.0,16.0,8.0,1294,2019-05-08 23:20:32,2019-05-12 23:14:33,0.3,0.0061823802163833074,sailing/pleasure
338246049,MAGGIE MAE,IMO0000000,,37.0,14.0,4.0,785,2019-05-08 23:39:55,2019-05-12 23:17:52,0.5,0.0535031847133758,sailing/pleasure
338246514,ITT'S LEGIT,IMO0000000,,37.0,18.0,4.0,3,2019-05-09 19:57:30,2019-05-09 20:02:28,0.0,0.0,sailing/pleasure
338247537,SCUBA,IMO0000000,,37.0,13.0,4.0,1265,2019-05-08 23:24:01,2019-05-12 23:15:03,0.2,0.014071146245059288,sailing/pleasure
338249077,ACCP 1,IMO0000000,,60.0,9.0,4.0,474,2019-05-09 16:07:33,2019-05-12 23:08:40,32.4,5.481012658227848,passenger
338253000,RMS TRITON,,WDG5261,60.0,30.0,7.0,3568,2019-05-08 23:21:26,2019-05-12 23:18:38,0.1,0.0003923766816143498,passenger
338257000,BROOKS MCCALL,IMO8964367,WCZ7811,90.0,48.0,12.0,1703,2019-05-08 23:22:04,2019-05-12 23:18:34,0.0,0.0,other
338302717,JANANI,IMO0000000,,37.0,10.0,3.0,512,2019-05-08 23:40:04,2019-05-12 23:00:21,2.4,0.2703125,sailing/pleasure
338303579,ALANDA,IMO0000000,,37.0,10.0,2.0,69,2019-05-12 18:00:10,2019-05-12 22:53:10,0.1,0.011594202898550725,sailing/pleasure
338304583,END OF THE RODE,IMO0000000,,37.0,15.0,5.0,954,2019-05-08 23:22:05,2019-05-12 23:16:23,0.1,0.00020964360587002098,sailing/pleasure
338310912,KEELING IT,IMO0000000,,37.0,11.0,4.0,11,2019-05-12 17:31:14,2019-05-12 18:21:13,0.0,0.0,sailing/pleasure
338313264,LA CIMA,IMO0000000,,37.0,11.0,5.0,1512,2019-05-08 23:20:30,2019-05-12 23:11:48,0.4,0.014417989417989418,sailing/pleasure
338313469,SOUTHERN BELLE,IMO0000000,,37.0,0.0,0.0,1142,2019-05-08 23:20:48,2019-05-12 23:15:12,0.1,0.0010507880910683013,sailing/pleasure
338320154,OTHER  SIDE,IMO0000000,,37.0,10.0,3.0,385,2019-05-09 20:19:10,2019-05-10 13:35:43,24.5,6.463896103896103,sailing/pleasure
338325344,WAVE DANCER,IMO0000000,,30.0,15.0,5.0,70,2019-05-09 18:46:58,2019-05-09 23:06:30,0.6,0.011428571428571429,fishing
338326524,VERANO,IMO0000000,AB5AH,36.0,14.0,5.0,1294,2019-05-08 23:21:27,2019-05-12 22:06:28,0.3,0.011591962905718702,sailing/pleasure
338327314,DELTA BLUES,IMO0000000,,37.0,12.0,4.0,110,2019-05-10 21:19:29,2019-05-12 00:56:19,0.0,0.0,sailing/pleasure
338327396,AMY MARIE 2,IMO0000000,,37.0,13.0,4.0,1187,2019-05-08 23:24:31,2019-05-12 23:15:32,0.4,0.018955349620893007,sailing/pleasure
338329686,TWO ONE SIX,IMO0000000,,37.0,12.0,4.0,636,2019-05-08 23:20:48,2019-05-12 23:17:29,2.0,0.12059748427672956,sailing/pleasure
338330032,MAJAC'S JOKAT,IMO0000000,,37.0,14.0,5.0,1171,2019-05-08 23:22:05,2019-05-12 23:18:34,0.2,0.008539709649871904,sailing/pleasure
338331846,JOINT CUSTODY,IMO0000000,,37.0,7.0,4.0,92,2019-05-10 19:07:40,2019-05-12 23:17:51,37.1,4.657608695652174,sailing/pleasure
338333008,UNO MAS,IMO0000000,,30.0,19.0,0.0,1744,2019-05-08 23:22:09,2019-05-12 23:18:38,1.4,0.002694954128440367,fishing
338335399,OZZ,IMO0000000,,37.0,18.0,4.0,29,2019-05-10 18:35:35,2019-05-10 19:54:35,2.4,0.34545454545454546,sailing/pleasure
338345000,(no name broadcast),,,,,,2007,2019-05-08 23:22:12,2019-05-12 23:13:35,19.6,3.7855505729945196,unknown
338418000,MAERSK DENVER,IMO9332999,WMDQ,70.0,299.0,40.0,895,2019-05-08 23:21:04,2019-05-10 19:12:23,15.2,2.018212290502793,cargo
338708000,GENESIS PATRIOT,IMO9117258,WDG9346,31.0,37.0,11.0,679,2019-05-08 23:22:22,2019-05-10 03:44:34,11.2,3.2951399116347573,tug/towing
338763000,CHARLIE B,,WDH6583,60.0,10.0,3.0,1844,2019-05-08 23:22:37,2019-05-12 23:16:05,21.1,0.5505422993492408,passenger
338879000,CONSTITUTION,IMO9710206,KCOJ,80.0,186.0,,1813,2019-05-08 23:22:39,2019-05-12 23:17:33,12.6,1.1618312189740763,tanker
338953000,CG HARRY CLAIBORNE,IMO9177296,NNIC,90.0,53.0,10.0,1671,2019-05-08 23:21:57,2019-05-12 23:17:33,0.7,0.03985637342908439,other
345010002,(no name broadcast),,,,,,1567,2019-05-08 23:24:07,2019-05-12 23:16:08,4.2,0.18742820676451818,unknown
345200008,VERACRUZ,IMO9234501,XCFQ3,80.0,188.0,32.0,278,2019-05-08 23:22:16,2019-05-09 23:33:26,12.9,6.6719424460431656,tanker
351106000,MORHOLMEN,IMO9553414,3EUC6,80.0,144.0,23.0,753,2019-05-11 02:44:42,2019-05-12 23:18:57,10.1,0.4217795484727756,tanker
352335000,MSC MARIANNA,IMO9226920,HOAE,70.0,303.0,40.0,197,2019-05-12 14:02:38,2019-05-12 23:18:19,10.5,1.6852791878172588,cargo
352451000,PHOENIX BEACON,IMO9568172,3FZO7,80.0,243.0,42.0,1548,2019-05-09 18:09:36,2019-05-12 23:18:31,11.8,1.352390180878553,tanker
353265000,STAR EAGLE,IMO9321938,3FOP5,80.0,183.0,32.0,452,2019-05-10 18:39:42,2019-05-11 18:12:19,14.1,2.386283185840708,tanker
353446000,(no name broadcast),,,,,,1867,2019-05-08 23:22:16,2019-05-12 23:19:16,0.4,0.03958221746116765,unknown
353456000,CHEMSTAR MASA,IMO9451410,3FGM7,80.0,147.0,24.0,385,2019-05-08 23:20:23,2019-05-09 14:35:07,13.5,5.311168831168831,tanker
354073000,PRINCE I,IMO9294123,3EXE7,80.0,176.0,31.0,1374,2019-05-09 19:43:16,2019-05-12 23:18:49,12.7,0.5774381368267831,tanker
354298000,CARNIVAL VALOR,IMO9236389,H3VR,60.0,290.0,35.0,257,2019-05-10 09:25:44,2019-05-10 17:43:15,18.8,7.465758754863813,passenger
354709000,KMARIN GENOA,IMO9726504,3FPE8,70.0,199.0,32.0,1795,2019-05-09 09:08:32,2019-05-12 23:19:40,12.5,1.4468784838350055,cargo
355800000,NEW DIRECTION,IMO9622801,3FRY3,70.0,189.0,32.0,595,2019-05-08 23:21:56,2019-05-09 22:46:37,12.0,3.9963025210084036,cargo
356144000,ROSE BALSAM,IMO9478937,3FBH7,70.0,189.0,32.0,1868,2019-05-08 23:22:30,2019-05-12 23:18:00,12.3,0.5927194860813705,cargo
356466000,GINGA LYNX,IMO9442550,3EUG5,82.0,160.0,26.0,465,2019-05-08 23:20:59,2019-05-09 23:00:00,10.1,0.2832258064516129,tanker
356883000,CARNIVAL VISTA,IMO9692569,3EMB9,60.0,321.0,,390,2019-05-11 09:25:31,2019-05-12 00:48:32,16.9,4.863589743589744,passenger
357329000,JPS ELLI,IMO9763992,3ECI9,70.0,,,218,2019-05-12 13:07:06,2019-05-12 23:17:01,11.1,1.608256880733945,cargo
365913074,MARTHA RENAE,IMO0000032,WDE5579,0.0,0.0,0.0,3693,2019-05-08 23:21:07,2019-05-12 23:19:40,8.5,1.1014622258326563,code 0
366074000,RMS VICTORY,,WDG5259,60.0,25.0,7.0,1619,2019-05-08 23:20:51,2019-05-10 16:57:02,9.3,0.8093885114268067,passenger
366271150,SEUTE DEERN,,WBF6171,37.0,,,783,2019-05-08 23:23:16,2019-05-12 23:16:39,0.1,0.0074074074074074086,sailing/pleasure
366408210,CYNTHIA RENEE,IMO0000000,WCY5776,30.0,15.0,5.0,457,2019-05-08 23:22:38,2019-05-09 22:02:21,8.4,1.5352297592997812,fishing
366595000,TEXAS RESPONDER,IMO9044669,WBO8579,90.0,63.0,13.0,3673,2019-05-08 23:20:47,2019-05-12 23:18:28,0.2,0.008766675741900355,other
366602000,S T BENZ RESPONDER,IMO9043859,WBO8585,90.0,63.0,13.0,2380,2019-05-08 23:23:39,2019-05-12 23:17:44,11.0,1.5046638655462186,other
366672810,ELIZA,IMO8899550,WDG9716,31.0,38.0,11.0,763,2019-05-09 00:56:42,2019-05-12 23:19:05,11.9,3.476509186351706,tug/towing
366687000,RMS ORION,,WDG5247,60.0,29.0,7.0,262,2019-05-08 23:25:52,2019-05-09 23:53:35,13.2,6.329389312977099,passenger
366733250,ATLANTIC SURVEYOR,,WTR5417,70.0,31.0,7.0,2190,2019-05-08 23:20:36,2019-05-11 07:46:36,8.9,0.32474885844748863,cargo
366760610,ATLAS,IMO8964745,WCY8471,31.0,26.0,10.0,3121,2019-05-08 23:20:58,2019-05-12 23:17:50,13.4,2.1891380967638576,tug/towing
366767980,JOYRIDE,,WCZ3416,37.0,12.0,4.0,1409,2019-05-08 23:25:33,2019-05-12 23:18:38,0.1,0.0007806955287437899,sailing/pleasure
366792940,JESS NEWTON,IMO8962448,WDA2941,31.0,30.0,11.0,2421,2019-05-08 23:22:15,2019-05-12 23:19:04,9.4,1.45059892606361,tug/towing
366793340,SQUEAK CARPENTER,IMO8635679,WDA2979,31.0,19.0,7.0,517,2019-05-12 03:16:57,2019-05-12 23:17:12,8.2,3.4661508704061896,tug/towing
366801280,CARL JOSEPH,,WDA3700,31.0,17.0,7.0,3585,2019-05-09 00:32:04,2019-05-12 23:19:54,6.8,0.7406415620641561,tug/towing
366804020,CROSBY EXPLORER,,WDA3940,31.0,18.0,7.0,3692,2019-05-08 23:20:12,2019-05-12 23:19:52,8.5,0.45966955579631635,tug/towing
366812000,BRUTUS,,WDG5253,90.0,30.0,7.0,1248,2019-05-08 23:26:02,2019-05-12 23:05:07,12.0,1.1366185897435896,other
366818870,FREEPORT PILOT 1,,WDA5322,90.0,17.0,4.0,560,2019-05-08 23:28:54,2019-05-12 23:07:54,0.1,0.0025,other
366822520,PACK MULE,IMO0000000,WDK4019,60.0,38.0,6.0,548,2019-05-09 15:18:06,2019-05-12 13:11:49,22.1,11.664416058394162,passenger
366826930,RUSTY HILL,,WDA6027,31.0,18.0,7.0,1818,2019-05-08 23:22:40,2019-05-12 23:17:55,7.1,0.6245324532453246,tug/towing
366834350,SAN JOAQUIN,,WDA6619,31.0,22.0,9.0,1994,2019-05-08 23:22:35,2019-05-12 23:19:21,6.9,0.9261283851554665,tug/towing
366837890,CAPT CRAIG,,WDG7988,31.0,13.0,5.0,3681,2019-05-08 23:21:06,2019-05-12 23:19:11,8.5,0.6525944036946482,tug/towing
366845050,ERIN T,,WDII,60.0,29.0,7.0,2658,2019-05-08 23:22:10,2019-05-12 23:19:19,19.8,1.5730899510726382,passenger
366845060,ASHTON T,,WDIJ,90.0,28.0,7.0,1709,2019-05-08 23:22:09,2019-05-12 23:17:57,18.5,1.231597425394968,other
366855470,SALLY KIM IV,IMO8980000,WDI9034,30.0,26.0,7.0,2184,2019-05-09 04:00:13,2019-05-12 23:02:58,8.4,2.712042124542125,fishing
366874920,MARTIN CHALLENGER,IMO8644436,WDB2346,31.0,21.0,8.0,2035,2019-05-08 23:22:18,2019-05-12 23:18:54,7.1,1.4213267813267814,tug/towing
366875000,CAPT HAGEN,IMO9329320,WDG9741,31.0,37.0,11.0,1834,2019-05-08 23:22:14,2019-05-12 23:19:42,1.3,0.12418122270742359,tug/towing
366875020,PIC,IMO8644515,WDB2355,31.0,17.0,6.0,3598,2019-05-08 23:20:49,2019-05-12 23:19:16,8.4,0.261284046692607,tug/towing
366875030,BROOKE,IMO8644486,WDB2356,31.0,19.0,7.0,3561,2019-05-08 23:21:50,2019-05-12 23:19:29,8.1,1.3430216231395675,tug/towing
366875040,ANNIE JEANNE,IMO8644474,WDB2357,31.0,17.0,7.0,1980,2019-05-08 23:22:55,2019-05-12 23:17:33,9.5,1.399949494949495,tug/towing
366879570,CAROLINE GUIDRY,,WDB2770,31.0,15.0,6.0,1769,2019-05-08 23:21:06,2019-05-12 23:13:43,8.6,1.2277557942340305,tug/towing
366884150,MARTIN EXPRESS,IMO8644448,WDB3169,31.0,16.0,6.0,3644,2019-05-08 23:21:42,2019-05-12 23:18:34,8.7,0.33476948408342483,tug/towing
366887090,LOOKFAR,,WDB3440,37.0,15.0,3.0,983,2019-05-08 23:20:01,2019-05-12 23:17:04,0.1,0.00020345879959308242,sailing/pleasure
366889000,RED EAGLE,,WDG5246,60.0,28.0,6.0,2605,2019-05-08 23:22:28,2019-05-12 21:14:03,20.4,2.6115547024952015,passenger
366892660,DANE F MORGAN,IMO8983076,WDB3910,31.0,22.0,9.0,3590,2019-05-08 23:21:20,2019-05-12 23:18:32,7.8,0.44200557103064064,tug/towing
366912160,LONGBOW,,WDI9764,37.0,16.0,4.0,810,2019-05-08 23:27:45,2019-05-12 23:19:07,0.1,0.0028395061728395065,sailing/pleasure
366912290,HUNTER T,,WDB5678,60.0,27.0,5.0,3575,2019-05-08 23:20:29,2019-05-12 23:18:33,17.9,0.3034405594405594,passenger
366916860,DREW DEVALL,,WDB6048,31.0,15.0,6.0,2876,2019-05-08 23:21:20,2019-05-12 23:20:00,9.6,3.1356397774687066,tug/towing
366919160,BOBBY JONES,,WX5233,31.0,34.0,10.0,3677,2019-05-08 23:20:09,2019-05-12 23:18:59,10.4,1.250421539298341,tug/towing
366919940,FRANCES E HADEN,IMO7642132,WX9254,31.0,25.0,8.0,1910,2019-05-08 23:20:36,2019-05-12 23:19:47,9.5,0.4705759162303665,tug/towing
366920920,LUCIA,IMO8899562,WDG9751,31.0,38.0,11.0,1019,2019-05-08 23:20:35,2019-05-10 02:49:25,11.1,0.9677134445534838,tug/towing
366921670,CLAXTON,IMO9132131,WCU9257,31.0,29.0,10.0,2469,2019-05-08 23:20:36,2019-05-12 23:17:50,10.3,0.817861482381531,tug/towing
366921740,HARRIS II,IMO9132143,WCW2485,31.0,29.0,10.0,2298,2019-05-08 23:21:47,2019-05-12 23:17:11,9.5,1.052828546562228,tug/towing
366921780,JUPITER,IMO8835138,WAK3719,31.0,26.0,10.0,25,2019-05-10 16:15:47,2019-05-10 20:48:35,0.1,0.004,tug/towing
366921810,MARK K,IMO7816604,WQZ8816,31.0,29.0,9.0,2128,2019-05-08 23:22:05,2019-05-12 23:18:52,9.7,0.6860432330827068,tug/towing
366921830,MATTHEW K,IMO8962474,WCZ9961,31.0,30.0,11.0,2563,2019-05-08 23:20:34,2019-05-12 23:18:55,9.8,1.624892703862661,tug/towing
366921840,PHILIP K,IMO7502344,WYG6823,31.0,29.0,9.0,2272,2019-05-08 23:21:37,2019-05-12 23:17:45,11.8,1.5773767605633804,tug/towing
366921850,TITAN,IMO7819589,WYA3059,31.0,29.0,9.0,2206,2019-05-08 23:22:26,2019-05-12 23:19:37,9.3,1.0223481414324571,tug/towing
366921860,W D HADEN II,IMO7925338,WYQ6984,31.0,28.0,9.0,1801,2019-05-08 23:21:46,2019-05-12 23:19:30,14.9,0.6291504719600222,tug/towing
366922110,THE DEACON,IMO8835205,WAK9812,31.0,26.0,10.0,2333,2019-05-08 23:20:10,2019-05-12 23:19:47,10.1,1.1741963137591085,tug/towing
366933730,MARTHA OLIVER,IMO8635617,WCU2641,31.0,19.0,7.0,562,2019-05-08 23:22:48,2019-05-09 21:55:51,8.0,4.200177935943061,tug/towing
366934050,CAROL M OTT,IMO8635497,WCY7224,31.0,23.0,8.0,1922,2019-05-10 18:36:42,2019-05-12 23:17:32,7.3,1.211602497398543,tug/towing
366934780,TEXSUN II,,WUR2914,60.0,18.0,6.0,1639,2019-05-08 23:22:24,2019-05-12 23:19:25,0.2,0.0031116534472239174,passenger
366935050,MISS PEGGY,,WDH7675,31.0,15.0,6.0,3629,2019-05-08 23:20:22,2019-05-12 23:19:14,8.4,0.4914852576467346,tug/towing
366935060,DOUG BARKER,IMO8635552,WCZ4561,31.0,23.0,8.0,1059,2019-05-11 17:49:00,2019-05-12 23:19:50,7.7,1.6231350330500474,tug/towing
366935150,BILL MCNEAL,IMO8635473,WCW9910,31.0,21.0,7.0,3627,2019-05-08 23:20:12,2019-05-12 23:19:44,9.7,0.5071960297766749,tug/towing
366935380,CATHERINE,IMO8635502,WCW3931,31.0,21.0,7.0,1232,2019-05-08 23:20:41,2019-05-12 23:19:03,8.6,3.966720779220779,tug/towing
366935420,DAVID F STONE,IMO8635540,WCZ6032,31.0,19.0,7.0,3671,2019-05-08 23:21:15,2019-05-12 23:19:10,8.7,0.5124761645328249,tug/towing
366936890,MRS LESLIE,,WDH8516,31.0,17.0,6.0,303,2019-05-12 14:40:06,2019-05-12 23:19:35,6.8,1.1864686468646866,tug/towing
366941810,SAN CARMEN,,WSD2145,31.0,18.0,6.0,3611,2019-05-08 23:21:32,2019-05-12 23:19:21,8.1,0.4034616449736915,tug/towing
366941820,SAN TOMAS,,WYQ9953,31.0,16.0,6.0,3293,2019-05-08 23:21:35,2019-05-12 23:19:40,7.1,1.0940479805648344,tug/towing
366941830,SAN PATRICIO,,WCX6675,31.0,18.0,7.0,1689,2019-05-08 23:21:51,2019-05-12 23:19:26,9.1,2.7074600355239786,tug/towing
366941840,SAN MIGUEL,,WTE9527,31.0,16.0,6.0,1914,2019-05-10 19:08:25,2019-05-12 23:19:35,7.7,1.3300417972831764,tug/towing
366941850,SAN LEANDRO,,WCW8516,31.0,22.0,9.0,2404,2019-05-08 23:20:24,2019-05-12 23:18:50,8.7,0.7925540765391015,tug/towing
366941860,SAN RAFAEL,,WCW8517,31.0,22.0,9.0,3320,2019-05-08 23:22:15,2019-05-12 23:19:44,8.2,0.4377710843373494,tug/towing
366947050,HAMBURG II,,WDH8863,37.0,14.0,4.0,802,2019-05-08 23:21:03,2019-05-10 18:25:10,6.7,0.05374064837905237,sailing/pleasure
366951590,CAPT JOHN,,WDB8024,60.0,20.0,8.0,3588,2019-05-08 23:22:38,2019-05-12 23:17:54,0.2,0.0030936454849498332,passenger
366952310,PELICAN,,WDB8062,31.0,21.0,9.0,3686,2019-05-08 23:22:14,2019-05-12 23:18:13,10.0,1.1763971785132934,tug/towing
366952340,DECATUR,,WDB8065,31.0,21.0,9.0,3523,2019-05-08 23:21:19,2019-05-12 23:19:20,1.9,0.001021856372409878,tug/towing
366959090,DANIELLE,,WDB8475,31.0,16.0,6.0,3595,2019-05-08 23:20:06,2019-05-12 23:19:03,8.5,1.0346870653685674,tug/towing
366959840,MISS CYNTHIA,,WBM8719,31.0,21.0,7.0,3733,2019-05-08 23:20:08,2019-05-12 23:19:26,7.8,0.597589070452719,tug/towing
366960410,MISS KHYLAN,,WDG9329,31.0,13.0,5.0,383,2019-05-11 08:35:14,2019-05-11 21:05:39,6.4,5.086422976501305,tug/towing
366961560,CAVALIER,,WAD4167,60.0,18.0,8.0,1792,2019-05-08 23:20:38,2019-05-12 23:17:36,19.1,0.7153459821428572,passenger
366961608,ROBIN LANETTE,IMO1048640,WBX2458,0.0,0.0,0.0,1649,2019-05-11 01:54:49,2019-05-12 23:19:38,8.0,1.414675560946028,code 0
366961630,(no name broadcast),,,,,,3559,2019-05-08 23:20:41,2019-05-12 23:18:41,8.3,1.2287721270019667,unknown
366961660,CAPT D,,WDE7753,31.0,11.0,4.0,3656,2019-05-08 23:20:32,2019-05-12 23:19:21,6.6,0.10440371991247265,tug/towing
366968680,(no name broadcast),,,,,,3685,2019-05-08 23:20:49,2019-05-12 23:18:59,8.4,0.4116146540027137,unknown
366969140,NITA E,,WTH5609,31.0,16.0,5.0,3638,2019-05-08 23:20:26,2019-05-12 23:19:55,7.5,0.9699835074216603,tug/towing
366969670,TOMMY E,,WCX6752,31.0,16.0,6.0,2036,2019-05-08 23:20:13,2019-05-12 23:19:04,7.7,1.5270137524557956,tug/towing
366971520,JERRY W TICHENOR,IMO8992144,WDB9187,31.0,20.0,9.0,3658,2019-05-08 23:20:33,2019-05-12 23:17:45,8.1,0.36101694915254234,tug/towing
366972040,JAIME DEVALL,,WTC3233,31.0,15.0,6.0,3647,2019-05-08 23:20:38,2019-05-12 23:18:50,11.4,1.4905127502056483,tug/towing
366972410,D W GILLIS,,WCP9623,31.0,12.0,5.0,3603,2019-05-08 23:21:47,2019-05-12 23:18:49,8.6,1.2147932278656675,tug/towing
366972430,CHARLES B BOONE,,WBC3748,31.0,15.0,6.0,3622,2019-05-08 23:20:28,2019-05-12 23:19:47,10.2,2.2830204307012703,tug/towing
366972950,FRANCES M DEVALL,,WQZ6719,31.0,19.0,7.0,1626,2019-05-09 22:15:05,2019-05-12 19:21:24,10.6,2.8977244772447723,tug/towing
366973420,CHARLES ALFRED,,WYU9726,31.0,15.0,6.0,1164,2019-05-10 21:10:35,2019-05-12 05:52:15,8.1,3.432044673539519,tug/towing
366978210,DEWITT C GREER,IMO9102019,WCP3759,60.0,80.0,19.0,3580,2019-05-08 23:22:09,2019-05-12 23:17:53,14.0,4.442932960893855,passenger
366978460,LINDBERG CROSBY,,WCO9247,31.0,16.0,6.0,3705,2019-05-08 23:20:04,2019-05-12 23:18:23,0.3,0.005802968960863698,tug/towing
366986670,SARA K,,WBP4759,31.0,15.0,6.0,3623,2019-05-08 23:20:14,2019-05-12 23:19:24,9.7,1.1720397460667955,tug/towing
366986680,CARESSA K,,WBP4760,31.0,20.0,7.0,3623,2019-05-08 23:20:17,2019-05-12 23:18:50,9.9,1.1289342904472668,tug/towing
366986690,TYLER T,,WCW9508,31.0,14.0,5.0,3082,2019-05-09 13:34:42,2019-05-12 23:19:56,8.6,0.7619402985074627,tug/towing
366986710,MR EARL,,WDA2229,31.0,21.0,7.0,1983,2019-05-08 23:21:58,2019-05-12 23:19:07,8.0,1.346142208774584,tug/towing
366988440,HOUSTON FORET,IMO100633661,WDG9555,57.0,17.0,8.0,2424,2019-05-08 23:20:42,2019-05-12 23:19:35,7.9,2.0514026402640266,code 57
366991080,JASON JOSEPH,,WDH6770,31.0,17.0,6.0,3598,2019-05-08 23:21:05,2019-05-12 23:19:51,8.5,0.20230683713173986,tug/towing
366993180,LADY G III,,WYH7378,31.0,17.0,7.0,1076,2019-05-08 23:20:41,2019-05-10 23:12:49,8.4,4.825185873605948,tug/towing
366993270,DANIELLE GUIDRY,,WDC2442,31.0,16.0,6.0,2307,2019-05-08 23:21:18,2019-05-12 23:19:17,8.7,2.771694841785869,tug/towing
366993420,H B 1,IMO8992510,WDC2454,31.0,22.0,8.0,2022,2019-05-08 23:21:49,2019-05-12 23:17:26,8.0,1.0920375865479723,tug/towing
366993510,"LIL ""D""",,WDC2462,31.0,33.0,8.0,948,2019-05-11 13:50:15,2019-05-12 16:31:34,9.5,2.846097046413502,tug/towing
366993620,BELLE,IMO8850920,WDC2472,31.0,26.0,8.0,1777,2019-05-08 23:22:50,2019-05-12 14:33:02,7.4,1.3956105796285876,tug/towing
366995130,ACHILLES,IMO8842105,WDC2571,31.0,21.0,7.0,2261,2019-05-08 23:22:24,2019-05-12 23:17:02,10.5,0.6651923927465723,tug/towing
366995150,AJAX,IMO8842117,WDC2573,31.0,21.0,7.0,3256,2019-05-08 23:20:43,2019-05-12 23:17:58,9.1,0.6645270270270269,tug/towing
366995320,CHALLENGER,,WDC2588,31.0,20.0,7.0,3213,2019-05-08 23:20:46,2019-05-12 23:18:43,9.1,1.0824151882975412,tug/towing
366995340,CHESLEY E,,WDC2590,31.0,21.0,8.0,2869,2019-05-08 23:22:27,2019-05-12 23:16:30,8.6,1.0621122342279539,tug/towing
366995440,MIKE BIRD,,WDC2599,31.0,31.0,10.0,421,2019-05-12 11:21:04,2019-05-12 23:19:45,9.4,4.639904988123516,tug/towing
366995490,VENTURE,,WDC2604,31.0,24.0,9.0,76,2019-05-08 23:20:51,2019-05-09 01:21:30,6.9,5.578947368421052,tug/towing
366995540,MISS BETTYE,,WDC2608,31.0,21.0,8.0,2708,2019-05-08 23:20:26,2019-05-12 23:18:06,7.2,1.563810930576071,tug/towing
366995560,MISS RACHEL,,WDC2610,31.0,19.0,7.0,2479,2019-05-08 23:22:01,2019-05-12 23:18:28,10.3,1.3392093586123437,tug/towing
366995570,SAMMY TATE,,WDC2611,31.0,21.0,8.0,3695,2019-05-08 23:20:23,2019-05-12 23:18:43,9.6,1.2956968876860624,tug/towing
366995580,NAVIDAD,,WDC2612,31.0,17.0,7.0,3681,2019-05-08 23:20:51,2019-05-12 23:19:21,9.0,0.5906275468622657,tug/towing
366995620,NICOLE BRENT,,WDC2615,31.0,22.0,7.0,3193,2019-05-08 23:21:02,2019-05-12 23:19:11,8.2,0.49279674287503916,tug/towing
366995720,NUECES,,WDC2624,31.0,18.0,7.0,3671,2019-05-08 23:20:22,2019-05-12 23:18:53,8.0,0.5991827839825661,tug/towing
366995730,TRINITY,,WDC2625,31.0,22.0,7.0,387,2019-05-08 23:20:47,2019-05-10 21:42:51,0.2,0.057364341085271324,tug/towing
366995770,ARABIAN,,WDC2629,31.0,16.0,6.0,3661,2019-05-08 23:20:17,2019-05-12 23:19:27,8.2,0.5024583447145589,tug/towing
366995780,ARANSAS,,WDC2630,31.0,18.0,6.0,3699,2019-05-08 23:20:16,2019-05-12 23:18:37,9.2,0.956234784960779,tug/towing
366995790,ATHENA,IMO8842129,WDC2631,31.0,27.0,9.0,541,2019-05-12 07:53:41,2019-05-12 23:19:31,7.0,0.7750462107208873,tug/towing
366995840,BIG AL,,WDC2635,31.0,17.0,6.0,3394,2019-05-08 23:20:28,2019-05-12 23:18:42,7.7,0.7196228638774308,tug/towing
366995910,CAMERON BLAIR,,WDC2641,31.0,18.0,7.0,786,2019-05-08 23:20:51,2019-05-09 21:18:51,8.8,1.0683206106870229,tug/towing
366995970,WALTER S,,WDC2647,31.0,17.0,6.0,3341,2019-05-08 23:20:51,2019-05-12 23:18:10,8.2,0.4483986830290332,tug/towing
366996020,VOYAGER,IMO8424549,WDC2651,31.0,21.0,8.0,3534,2019-05-08 23:21:24,2019-05-12 23:19:03,7.4,0.39145444255800793,tug/towing
366996130,COLORADO,,WDC2661,31.0,21.0,8.0,3593,2019-05-08 23:21:30,2019-05-12 23:19:45,8.7,0.17333704425271362,tug/towing
366996140,COMAL,,WDC2662,31.0,18.0,7.0,3732,2019-05-08 23:20:42,2019-05-12 23:18:37,7.4,0.3922025723472669,tug/towing
366996290,ORION,IMO8851091,WDC2676,31.0,18.0,7.0,3585,2019-05-08 23:20:41,2019-05-12 23:19:10,7.6,0.4070571827057183,tug/towing
366996360,DIXIE VANDAL,,WDC2682,31.0,21.0,7.0,2648,2019-05-08 23:20:17,2019-05-12 23:19:22,19.4,0.7362160120845922,tug/towing
366996460,FILLY,,WDC2691,31.0,17.0,6.0,2822,2019-05-08 23:20:26,2019-05-12 23:19:21,7.8,1.273210489014883,tug/towing
366996510,JANE L,,WDD4045,0.0,0.0,0.0,3659,2019-05-08 23:20:36,2019-05-12 23:18:16,8.0,1.292894233397103,code 0
366996570,LAMPASAS,,WDC2701,31.0,18.0,7.0,3607,2019-05-08 23:20:21,2019-05-12 23:18:44,8.0,0.607235930135847,tug/towing
366996610,OLD PUSH,,WDC2704,31.0,14.0,6.0,2137,2019-05-08 23:20:21,2019-05-12 23:18:50,9.0,3.015769770706598,tug/towing
366996630,PECOS,,WDC2706,31.0,21.0,7.0,257,2019-05-12 16:11:35,2019-05-12 23:19:55,7.0,5.540077821011673,tug/towing
366996640,THOR,IMO8842246,WDC2707,31.0,21.0,8.0,3057,2019-05-08 23:20:00,2019-05-12 23:18:39,9.0,1.4638534510958456,tug/towing
366996660,DIXIE TRAVELER,,WDC2709,31.0,18.0,7.0,3660,2019-05-08 23:20:38,2019-05-12 23:18:55,8.6,0.2815846994535519,tug/towing
366996720,LOU NATARO,,WDC2714,31.0,24.0,8.0,2581,2019-05-08 23:20:20,2019-05-12 23:14:57,8.2,1.1419604804339403,tug/towing
366996790,PEDERNALES,,WDC2721,31.0,20.0,8.0,2041,2019-05-08 23:22:56,2019-05-12 23:19:08,7.7,0.23865752082312594,tug/towing
366996840,SABINAL,,WDC2725,31.0,18.0,8.0,2865,2019-05-08 23:21:00,2019-05-12 23:19:32,7.7,1.3301570680628272,tug/towing
366997240,LUKE BRYAN,IMO8991097,WDC2751,31.0,19.0,9.0,2870,2019-05-08 23:20:59,2019-05-12 23:19:10,9.4,1.680418118466899,tug/towing
366997690,CORPUS CHRISTI,IMO8635722,WDC2785,31.0,22.0,10.0,3597,2019-05-08 23:20:56,2019-05-12 23:18:53,8.3,3.1930775646371976,tug/towing
366997750,FATHER SEELOS,IMO8991011,WDC2789,31.0,22.0,10.0,1104,2019-05-08 23:21:27,2019-05-10 03:53:28,7.4,3.0041666666666664,tug/towing
366997940,ROSS SALVAGGIO,IMO8635875,WDC2805,31.0,20.0,7.0,3160,2019-05-08 23:21:17,2019-05-12 23:19:59,9.6,1.6199367088607595,tug/towing
366998080,SEA DRIFT,IMO8635904,WDC2818,31.0,22.0,10.0,2289,2019-05-09 22:02:30,2019-05-12 09:43:13,8.2,2.2831804281345565,tug/towing
366999511,CG CLAMP,,NSDL,90.0,22.0,6.0,3247,2019-05-08 23:20:58,2019-05-12 23:19:25,8.5,0.17874961502925776,other
366999512,CG HATCHET,,NXLA,90.0,22.0,6.0,3633,2019-05-08 23:20:05,2019-05-12 23:18:04,0.5,0.02138728323699422,other
366999653,CG BELUGA,,NZSR,90.0,26.0,5.0,1646,2019-05-08 23:20:42,2019-05-12 23:17:53,1.4,0.04993924665856622,other
367001150,SYLVIA M LEBOEUF,,WDC9312,31.0,21.0,8.0,570,2019-05-11 19:57:30,2019-05-12 11:55:44,5.8,4.055964912280702,tug/towing
367001940,MISS ERIN,,WDC3043,31.0,18.0,6.0,3589,2019-05-09 01:20:26,2019-05-12 23:18:55,8.7,1.4269434382836446,tug/towing
367001990,MR CHIP,,WDC3048,31.0,14.0,6.0,3618,2019-05-08 23:20:26,2019-05-12 23:17:50,8.6,1.3590105030403536,tug/towing
367003410,ISIDORE,,WDF2421,31.0,21.0,8.0,3592,2019-05-08 23:20:51,2019-05-12 23:19:51,8.3,0.20155902004454343,tug/towing
367003540,OVIDE J,,WDF2443,31.0,23.0,8.0,1778,2019-05-08 23:20:07,2019-05-12 03:55:32,9.7,1.3655793025871765,tug/towing
367003780,PHILIP,,WDF2430,31.0,21.0,8.0,1963,2019-05-08 23:22:29,2019-05-12 23:17:56,7.1,0.5302088639836984,tug/towing
367003810,QUENTIN,,WDF2404,31.0,21.0,8.0,191,2019-05-09 03:09:16,2019-05-09 23:53:35,5.9,2.1455497382198954,tug/towing
367003880,SARAH,,WDF2432,31.0,23.0,8.0,2977,2019-05-08 23:20:56,2019-05-12 03:26:36,9.4,0.7806180718844474,tug/towing
367003890,MIKE CHARLEVILLE,,WDC3206,31.0,17.0,6.0,3545,2019-05-08 23:21:01,2019-05-12 23:19:41,9.6,1.9867700987306065,tug/towing
367003980,TEE,,WDF2365,31.0,21.0,8.0,3625,2019-05-08 23:21:50,2019-05-12 23:19:44,8.4,0.20278620689655172,tug/towing
367004050,URSULA,,WDF2405,31.0,20.0,8.0,3097,2019-05-08 23:21:59,2019-05-12 23:18:29,7.1,0.16926057474975784,tug/towing
367004080,WALTER,,WDF2436,31.0,21.0,8.0,3693,2019-05-08 23:20:37,2019-05-12 23:19:17,7.1,0.5848903330625508,tug/towing
367005260,AMERICAN FREEDOM,IMO8983014,WDC3284,31.0,21.0,9.0,584,2019-05-08 23:20:11,2019-05-09 15:32:23,6.9,1.7366438356164384,tug/towing
367005270,C J BOYNE,IMO8975859,WDC3285,31.0,21.0,9.0,1780,2019-05-10 22:17:33,2019-05-12 23:18:34,8.9,1.1673595505617977,tug/towing
367005340,CREOLE CRUSADER,,WDC3291,31.0,21.0,8.0,1341,2019-05-08 23:22:46,2019-05-12 07:49:29,9.9,2.8092468307233407,tug/towing
367005510,CREOLE SPIRIT,,WDC3302,31.0,18.0,6.0,2100,2019-05-08 23:21:12,2019-05-11 04:50:13,7.7,0.19899999999999998,tug/towing
367005580,H J DUPRE,,WDC3309,31.0,24.0,9.0,3341,2019-05-08 23:20:03,2019-05-12 23:19:20,7.4,0.5121819814426819,tug/towing
367005590,MEDICINE BOW,,WDC3310,31.0,20.0,7.0,3636,2019-05-08 23:21:15,2019-05-12 23:18:56,9.0,0.6938393839383938,tug/towing
367006520,BARBARA E BOUCHARD,IMO9053141,WBD6759,31.0,36.0,11.0,1823,2019-05-08 23:20:50,2019-05-12 23:18:17,0.9,0.07838727372462974,tug/towing
367006650,DANIELLE M BOUCHARD,IMO9170688,WCX4443,31.0,45.0,13.0,1835,2019-05-08 23:22:44,2019-05-12 23:17:15,1.0,0.1044711014176663,tug/towing
367008750,M L CROCHET,,WCW9456,31.0,18.0,7.0,2368,2019-05-08 23:21:30,2019-05-12 10:21:13,7.9,1.5919341216216216,tug/towing
367009240,CAPT WARREN,,WCX9305,31.0,18.0,7.0,1066,2019-05-11 17:30:13,2019-05-12 23:18:52,7.5,3.457223264540338,tug/towing
367010060,NICHOLAS,,WCZ5498,31.0,16.0,6.0,3612,2019-05-08 23:20:59,2019-05-12 23:19:06,9.6,0.5612403100775194,tug/towing
367011510,PROVIDER,,WCQ4194,31.0,18.0,7.0,3633,2019-05-08 23:20:07,2019-05-12 23:19:33,3.6,0.015249105422515827,tug/towing
367013390,STUD,,WDC3740,31.0,16.0,7.0,770,2019-05-09 09:34:29,2019-05-10 04:31:49,8.2,4.40974025974026,tug/towing
367013470,PIMLICO,,WDC3747,31.0,21.0,9.0,686,2019-05-11 19:51:57,2019-05-12 23:17:03,7.7,2.8714285714285714,tug/towing
367014570,TRACIE L,,WDA2177,31.0,18.0,6.0,1913,2019-05-08 23:22:30,2019-05-12 23:19:27,7.8,0.4804495556717198,tug/towing
367016010,HENRY T,,WDC3903,31.0,15.0,7.0,3578,2019-05-08 23:20:52,2019-05-12 23:19:41,8.2,0.04510899944102851,tug/towing
367016180,DONNA T,,WYZ8391,31.0,13.0,6.0,1087,2019-05-09 12:32:46,2019-05-12 23:19:38,7.9,0.9392824287028518,tug/towing
367017940,CATHY,IMO8991035,WDF2373,31.0,23.0,10.0,2141,2019-05-08 23:20:14,2019-05-12 23:18:53,9.3,1.8737505838393274,tug/towing
367017960,CY,IMO8991023,WDF2369,31.0,23.0,10.0,3665,2019-05-08 23:20:38,2019-05-12 23:19:26,7.9,0.102537517053206,tug/towing
367028690,LAUREN MARIE,,WBY5971,31.0,17.0,6.0,746,2019-05-08 23:21:17,2019-05-09 23:33:26,6.8,2.898525469168901,tug/towing
367028750,MAGGIE RAE,,WCX5532,31.0,17.0,6.0,1765,2019-05-08 23:21:12,2019-05-12 16:05:10,8.6,1.2608498583569405,tug/towing
367028790,CAPT KENT,,WCY6347,31.0,17.0,7.0,2022,2019-05-08 23:20:22,2019-05-12 23:19:45,8.8,1.4068743818001976,tug/towing
367032830,DULARGE,IMO8767575,WCS8769,90.0,30.0,14.0,1801,2019-05-08 23:21:14,2019-05-12 23:19:25,0.3,0.00038867295946696276,other
367033730,JESSICA LYN,,WDC4973,31.0,13.0,6.0,166,2019-05-10 19:43:04,2019-05-10 23:52:06,6.8,5.106024096385542,tug/towing
367033740,TIGER II,,WDC4974,90.0,12.0,4.0,3562,2019-05-08 23:21:12,2019-05-12 23:17:57,15.9,0.20614823133071308,other
367033760,MISS VICKI,,WDC4976,31.0,18.0,4.0,577,2019-05-08 23:21:44,2019-05-09 23:53:35,0.1,0.0022530329289428075,tug/towing
367036000,PACIFIC RELIANCE,IMO9386548,WDI7757,31.0,41.0,12.0,1481,2019-05-09 21:02:41,2019-05-12 23:19:50,13.3,1.4605671843349088,tug/towing
367036840,HERCULES,,WDC5161,25.0,33.0,8.0,3387,2019-05-08 23:20:43,2019-05-12 23:18:29,12.7,0.5986713906111604,code 25
367049580,FINESSE,,WDC5990,37.0,12.0,4.0,191,2019-05-08 23:20:51,2019-05-10 13:48:25,0.6,0.031413612565445025,sailing/pleasure
367051340,BILL SPENCE,,WAN6438,31.0,18.0,8.0,3591,2019-05-08 23:20:33,2019-05-12 23:18:52,10.3,1.0338345864661653,tug/towing
367053160,COLONEL,,WCU3258,60.0,38.0,11.0,1865,2019-05-08 23:21:07,2019-05-12 23:18:56,8.9,0.24058981233243967,passenger
367053940,CAPT BILLY J VERDIN,IMO9370056,WDC6278,31.0,22.0,8.0,3668,2019-05-08 23:20:32,2019-05-12 23:19:08,8.4,0.20793347873500548,tug/towing
367054790,COLT,,WDC6330,31.0,20.0,7.0,3545,2019-05-08 23:21:02,2019-05-12 23:18:32,8.3,0.8886036671368124,tug/towing
367057260,MARTIN J PELLEGRIN,IMO8891481,WDC6505,31.0,18.0,7.0,3732,2019-05-08 23:20:34,2019-05-12 23:19:55,9.3,0.8801982851018221,tug/towing
367057310,MISS BOBBIE FUGIT,,WDC6509,31.0,25.0,9.0,3321,2019-05-08 23:20:40,2019-05-12 16:57:01,9.7,0.9303824149352605,tug/towing
367057380,DEL WILKINS,,WDC6516,31.0,18.0,8.0,3642,2019-05-08 23:20:17,2019-05-12 23:19:58,7.4,0.07309170785282812,tug/towing
367057420,JACK ODOM,,WDC6519,31.0,31.0,10.0,3679,2019-05-08 23:20:41,2019-05-12 23:18:32,8.2,0.22650176678445227,tug/towing
367057740,NOVA H LOUIS,,WDC6546,31.0,23.0,9.0,1028,2019-05-08 23:20:52,2019-05-10 02:04:32,7.2,2.871206225680934,tug/towing
367057760,JOHN FOX,,WDC6548,31.0,24.0,9.0,976,2019-05-08 23:21:17,2019-05-10 00:30:08,7.2,3.700922131147541,tug/towing
367057830,BURNS JOHNSON JR.,,WDC6554,31.0,18.0,8.0,3575,2019-05-08 23:22:11,2019-05-12 23:18:31,7.4,0.4698181818181818,tug/towing
367057930,ANITA EVE SHARP,,WDC6563,31.0,23.0,9.0,2735,2019-05-10 00:15:39,2019-05-12 23:18:48,7.1,1.0242778793418648,tug/towing
367059330,REDEEMER,,WDC6664,31.0,22.0,10.0,945,2019-05-11 21:09:58,2019-05-12 23:19:27,9.5,3.422010582010582,tug/towing
367061190,DRUM POINT,IMO8998942,WDC6779,31.0,21.0,9.0,1854,2019-05-08 23:22:32,2019-05-12 23:18:38,10.2,0.4749190938511327,tug/towing
367061960,(no name broadcast),,,,,,2173,2019-05-08 23:21:32,2019-05-12 23:18:35,8.4,1.7612057063966866,unknown
367075320,MACY LYNN,,WDC7693,31.0,18.0,7.0,865,2019-05-09 01:21:42,2019-05-10 00:37:43,7.6,2.979421965317919,tug/towing
367082880,RICHARDSON V,,WDJ2056,31.0,18.0,8.0,3570,2019-05-08 23:21:39,2019-05-12 23:18:59,8.2,0.8515406162464986,tug/towing
367085240,EVELYN M,IMO9022491,WAR2197,60.0,39.0,7.0,1090,2019-05-09 19:58:16,2019-05-11 12:34:56,16.3,0.421651376146789,passenger
367086720,CAPT PETER II,IMO7641621,WDI5832,30.0,21.0,6.0,825,2019-05-11 02:43:08,2019-05-12 23:19:47,8.4,2.2275151515151514,fishing
367087310,(no name broadcast),,,,,,849,2019-05-08 23:20:46,2019-05-12 23:19:34,10.8,1.511896348645465,unknown
367090420,CAPT DAVE GUIDRY,,WDC8627,31.0,17.0,6.0,1066,2019-05-11 17:45:57,2019-05-12 23:18:20,6.5,2.565853658536585,tug/towing
367095660,STACY SHELBY,,WDC8962,31.0,22.0,7.0,3691,2019-05-08 23:20:14,2019-05-12 23:18:38,8.9,0.6342725548631807,tug/towing
367096290,KRISTY DUTSCH,,WDC9005,31.0,26.0,9.0,66,2019-05-08 23:21:28,2019-05-09 01:09:37,7.6,6.374242424242424,tug/towing
367098660,CAPT CALVIN DEVALL,,WDC9186,31.0,19.0,7.0,2268,2019-05-08 23:22:10,2019-05-12 23:18:08,8.0,2.1730599647266313,tug/towing
367107680,EXCALIBUR,,WDC9865,60.0,30.0,7.0,2363,2019-05-09 00:00:12,2019-05-12 23:19:14,21.4,3.821794329242488,passenger
367110450,SEAOPS 1,,WDJ3022,90.0,28.0,7.0,3663,2019-05-08 23:20:26,2019-05-12 23:19:50,10.0,0.356019656019656,other
367112240,VAN LANG,IMO0000000,WDD2200,30.0,29.0,8.0,1730,2019-05-08 23:20:08,2019-05-12 23:18:40,10.1,1.2409248554913297,fishing
367114050,GEORGE W BANTA,IMO5129095,WDD2343,31.0,28.0,9.0,1584,2019-05-08 23:21:06,2019-05-10 15:30:26,7.2,2.073169191919192,tug/towing
367118980,CAPT J A MORGAN,,WDD2725,31.0,22.0,9.0,3651,2019-05-08 23:21:20,2019-05-12 23:19:50,6.8,0.26203779786359904,tug/towing
367119810,ROBERT C LANIER,IMO8643224,WAT3621,60.0,72.0,19.0,2470,2019-05-08 23:21:24,2019-05-12 23:19:07,12.4,2.196194331983806,passenger
367123430,AMANDA LUU,IMO8885365,WCW7879,30.0,23.0,6.0,102,2019-05-09 18:32:32,2019-05-11 16:35:19,0.1,0.0029411764705882357,fishing
367125100,CAPT TOM ECHOLS SR,,WDC3771,31.0,20.0,7.0,3351,2019-05-08 23:20:15,2019-05-12 23:19:16,10.6,3.3695016413011043,tug/towing
367126410,AVE MARIA,,WDD5063,31.0,22.0,10.0,3577,2019-05-08 23:20:01,2019-05-12 23:19:37,8.8,0.49874196253844005,tug/towing
367127110,CHERYL K,,WDD3191,31.0,15.0,6.0,3588,2019-05-08 23:20:55,2019-05-12 23:18:05,10.4,1.863823857302118,tug/towing
367131150,DIANE,,WDF2440,31.0,23.0,8.0,2899,2019-05-08 23:21:09,2019-05-12 03:10:01,10.7,1.214108313211452,tug/towing
367136040,NEW BUCCANEER,,WYU8674,60.0,23.0,9.0,1021,2019-05-08 23:21:07,2019-05-12 21:29:52,39.6,1.1219392752203723,passenger
367136680,ST LOUIS EXPRESS,IMO9243186,WDD3825,70.0,243.0,32.0,556,2019-05-08 23:20:48,2019-05-10 00:30:32,18.2,3.4368705035971225,cargo
367138470,MIA KELLEY,,WDD3950,31.0,26.0,9.0,600,2019-05-11 20:11:35,2019-05-12 23:18:28,9.8,2.030666666666667,tug/towing
367139280,TME MERCURY,,WDJ3285,60.0,9.0,3.0,1755,2019-05-08 23:21:15,2019-05-12 23:18:39,8.9,0.025754985754985756,passenger
367145380,MATTHEW JAMES,,WDD4491,31.0,21.0,8.0,2306,2019-05-10 10:57:47,2019-05-12 23:18:58,8.8,0.940589765828274,tug/towing
367145440,KATIE GONSOULIN,,WDD4496,31.0,21.0,9.0,1313,2019-05-11 09:53:59,2019-05-12 23:19:33,9.7,1.2357197258187358,tug/towing
367146170,KATHY SWANGO,,WDD4550,31.0,18.0,7.0,1594,2019-05-11 03:03:39,2019-05-12 23:17:34,8.4,1.2717691342534505,tug/towing
367147190,JACKIE S,,WDD4623,31.0,,,309,2019-05-09 14:41:18,2019-05-09 22:01:22,7.2,0.6504854368932039,tug/towing
367151450,RAY STOKER; JR,IMO9158719,WDJ3395,60.0,80.0,19.0,3083,2019-05-08 23:20:46,2019-05-12 23:19:20,14.4,3.191631527732728,passenger
367155310,BOLIVAR POINT,,WDD5224,31.0,21.0,9.0,1784,2019-05-08 23:22:17,2019-05-12 23:18:49,7.9,0.09747757847533632,tug/towing
367156350,MISS KIMBERLY II,IMO8941080,WCX3138,30.0,24.0,7.0,899,2019-05-08 23:24:01,2019-05-12 22:39:53,7.4,3.0374860956618464,fishing
367156850,MARTHA T,IMO8301101,WDD5337,31.0,29.0,8.0,3668,2019-05-08 23:20:36,2019-05-12 23:19:31,10.0,0.7683206106870228,tug/towing
367157150,RMS CITATION,IMO8033584,WDG5250,90.0,50.0,12.0,1747,2019-05-08 23:22:31,2019-05-12 23:19:41,0.1,0.0013165426445334862,other
367160030,KING ARTHUR,,WDD5554,60.0,30.0,7.0,2650,2019-05-09 09:13:14,2019-05-12 23:18:11,18.6,3.231698113207547,passenger
367162840,RON HULL,,WDD5737,31.0,26.0,9.0,381,2019-05-09 09:26:48,2019-05-09 19:11:56,8.8,6.569028871391077,tug/towing
367162940,SAN JACINTO,,WDD5743,31.0,16.0,7.0,3694,2019-05-08 23:20:37,2019-05-12 23:19:46,8.0,0.5827016783974012,tug/towing
367163580,GOLDEN STAR II,IMO8941119,WCX3419,30.0,25.0,7.0,2317,2019-05-08 23:21:17,2019-05-12 23:18:33,9.1,2.7397928355632284,fishing
367163760,GIBB GILCHRIST,IMO8643171,WDJ3397,60.0,80.0,20.0,2451,2019-05-08 23:20:48,2019-05-12 23:18:59,13.1,1.8356997144022849,passenger
367165610,MISS LISA,IMO0000000,WDK2134,30.0,26.0,8.0,929,2019-05-08 23:23:51,2019-05-12 21:26:18,6.7,1.5904198062432724,fishing
367165980,CHRISTIANA,IMO9383273,WDD5937,31.0,37.0,11.0,109,2019-05-08 23:20:30,2019-05-09 02:18:19,11.7,10.429357798165137,tug/towing
367170010,ST JUDE THADDEUS,,WDD6229,31.0,21.0,8.0,2930,2019-05-09 14:22:50,2019-05-12 23:19:51,8.6,2.052081911262799,tug/towing
367170990,SUE ELLEN,,WDD6295,31.0,18.0,7.0,3660,2019-05-08 23:21:17,2019-05-12 23:19:36,0.2,0.00016393442622950822,tug/towing
367171030,WARREN MCKINNEY,,WDD6298,31.0,15.0,6.0,3643,2019-05-08 23:20:17,2019-05-12 23:18:54,8.1,1.1639582761460336,tug/towing
367172440,OSG COLUMBIA,IMO8024727,WDD6400,31.0,39.0,11.0,1726,2019-05-08 23:22:03,2019-05-12 23:18:25,0.9,0.10254924681344148,tug/towing
367183070,T & L,IMO8942072,WDD7191,30.0,24.0,7.0,313,2019-05-08 23:21:18,2019-05-09 19:00:22,8.2,2.970926517571885,fishing
367183530,MORNING STAR II,,WCX6189,30.0,21.0,6.0,148,2019-05-12 18:25:21,2019-05-12 23:19:32,4.3,2.6344594594594595,fishing
367183730,(no name broadcast),,,,,,130,2019-05-12 14:37:51,2019-05-12 18:28:58,9.0,6.654615384615385,unknown
367186070,CAPT STOKES,IMO8964288,WDJ6330,60.0,40.0,7.0,3527,2019-05-08 23:20:01,2019-05-12 23:18:30,16.2,0.2963425007088177,passenger
367186360,CAPT TIMMY CALLAIS,,WDD7434,31.0,26.0,9.0,1008,2019-05-11 16:26:53,2019-05-12 21:44:42,8.7,2.207638888888889,tug/towing
367186410,BRIAN O DANIELS,,WDD7438,31.0,26.0,9.0,3637,2019-05-09 01:03:37,2019-05-12 23:17:58,9.3,0.7724773164696178,tug/towing
367189020,MARS,IMO7338327,WDD7627,31.0,27.0,8.0,2214,2019-05-08 23:21:17,2019-05-12 23:18:58,11.8,0.5602981029810298,tug/towing
367189510,SACRED HEART,,WDD7662,31.0,21.0,8.0,1849,2019-05-08 23:20:17,2019-05-11 00:43:55,6.7,1.5085992428339643,tug/towing
367190320,MISS ASHLEY,IMO0000000,WDD7722,30.0,0.0,0.0,1040,2019-05-10 15:26:17,2019-05-12 23:18:46,7.6,2.42625,fishing
367300350,THOR,IMO9350551,WDD8608,31.0,30.0,12.0,2944,2019-05-08 23:22:44,2019-05-12 23:19:17,12.3,2.668444293478261,tug/towing
367301010,NATHAN GOLDING,,WDD8656,31.0,22.0,10.0,3136,2019-05-08 23:21:20,2019-05-12 23:18:43,9.4,0.8549107142857143,tug/towing
367306270,CITY OF PORT ALLEN,,WDD9053,31.0,23.0,8.0,2241,2019-05-10 03:20:22,2019-05-12 14:37:17,8.4,0.8176260597947345,tug/towing
367306540,TREY DELOACH,IMO7048154,WDD9080,31.0,21.0,8.0,3687,2019-05-08 23:20:43,2019-05-12 23:18:52,7.8,1.3876322213181447,tug/towing
367310170,HARLAN RICHARDSON,,WDD9350,31.0,15.0,6.0,3688,2019-05-08 23:20:35,2019-05-12 23:18:56,9.7,1.1196312364425163,tug/towing
367316480,IAN EARLE,,WDD9798,31.0,21.0,8.0,3637,2019-05-08 23:21:24,2019-05-12 23:19:05,10.0,0.9544679681055815,tug/towing
367316740,GALVESTON BAY,,WDD9819,0.0,11.0,4.0,3762,2019-05-08 23:20:42,2019-05-12 23:18:30,30.8,3.4687931951089848,code 0
367317850,JOHN C.LAQUAY,,WDD9903,33.0,45.0,12.0,3677,2019-05-08 23:20:14,2019-05-12 23:18:43,0.2,0.0023116671199347296,code 33
367318540,COREY QUEBODEAUX,,WDD9957,31.0,26.0,9.0,1811,2019-05-08 23:20:04,2019-05-12 23:19:57,7.2,0.08382109331860851,tug/towing
367325130,WESLEY A,IMO9097628,WDE2433,31.0,30.0,12.0,2774,2019-05-08 23:20:04,2019-05-12 23:18:42,13.0,2.6396539293439076,tug/towing
367327560,CINDY HULL,,WDE2631,31.0,26.0,9.0,628,2019-05-09 02:58:54,2019-05-09 23:00:32,7.5,3.9111464968152863,tug/towing
367327630,DIVINE MERCY,,WDE2637,31.0,22.0,8.0,2585,2019-05-09 19:35:41,2019-05-12 15:26:23,8.6,2.2127659574468086,tug/towing
367327650,BROWN WATER XII,IMO8992560,WDE2639,31.0,20.0,7.0,2550,2019-05-08 23:21:20,2019-05-11 19:21:49,8.2,2.0688235294117647,tug/towing
367332950,GOOD SHEPHERD,,WDE3016,31.0,22.0,8.0,2840,2019-05-09 21:10:12,2019-05-12 23:19:43,8.5,1.3430633802816903,tug/towing
367337220,PRESTON N SHUFORD,,WDE3307,31.0,21.0,9.0,2782,2019-05-08 23:21:47,2019-05-12 23:19:26,10.4,1.3803738317757008,tug/towing
367337690,SAM HOUSTON,,WDE3340,60.0,,,3608,2019-05-08 23:21:40,2019-05-12 23:18:48,9.6,0.11119733924611973,passenger
367337960,GALVESTON,IMO9503160,WDE3363,31.0,46.0,14.0,294,2019-05-08 23:21:29,2019-05-09 23:13:07,14.1,7.611904761904762,tug/towing
367339680,MR RIDGE,IMO8658035,WDE3481,60.0,41.0,8.0,1109,2019-05-09 16:40:58,2019-05-12 23:19:35,25.6,3.8660955816050495,passenger
367340430,STEPHANIE KENNELLY,,WDE3527,31.0,26.0,9.0,1813,2019-05-08 23:21:04,2019-05-12 23:14:00,6.8,0.15212355212355214,tug/towing
367342470,LADY CATHY,IMO9241724,WDE3665,30.0,25.0,7.0,1211,2019-05-09 15:08:25,2019-05-12 18:46:47,9.0,0.896862097440132,fishing
367343420,DAVID M FLEMING,,WDE3731,31.0,15.0,6.0,3649,2019-05-08 23:20:07,2019-05-12 23:18:28,8.7,1.4388873664017539,tug/towing
367350170,CAPT JACK GREEN,,WDE4207,31.0,22.0,9.0,3671,2019-05-08 23:20:46,2019-05-12 23:18:18,5.8,0.17967856169980934,tug/towing
367351820,JOHN T MCMAHAN,,WDE4349,31.0,21.0,9.0,1602,2019-05-08 23:22:56,2019-05-11 02:41:33,8.4,1.7285268414481898,tug/towing
367361020,GREENLAND SEA,IMO9032783,WDE5027,31.0,35.0,10.0,682,2019-05-08 23:21:08,2019-05-10 05:30:02,9.5,2.6721407624633433,tug/towing
367361210,SAN AUSTIN,,WDE5041,31.0,18.0,7.0,3668,2019-05-08 23:21:30,2019-05-12 23:19:44,8.6,0.3577971646673937,tug/towing
367361690,AGOODE KETCH,,WDE5074,37.0,13.0,4.0,137,2019-05-12 15:52:56,2019-05-12 20:37:41,7.2,5.45036496350365,sailing/pleasure
367362460,B L DARNELL,,WDE5130,31.0,19.0,7.0,3659,2019-05-08 23:21:06,2019-05-12 23:18:39,8.7,0.4103033615742006,tug/towing
367364760,LEXIE M,IMO9420681,WDE5306,31.0,30.0,12.0,2779,2019-05-08 23:22:02,2019-05-12 23:19:20,12.7,2.96729039222742,tug/towing
367365680,KIM LONG,IMO8990603,WDE5373,30.0,25.0,7.0,493,2019-05-11 09:28:27,2019-05-12 21:37:47,9.2,1.0945233265720082,fishing
367366610,CROSBY ENTERPRISE,IMO7390868,WDE5428,31.0,45.0,12.0,610,2019-05-09 12:27:01,2019-05-10 02:56:31,11.3,3.060983606557377,tug/towing
367367620,RESURRECTION,,WDE5499,31.0,22.0,9.0,2562,2019-05-08 23:22:26,2019-05-12 23:17:44,10.4,2.4399297423887587,tug/towing
367371630,(no name broadcast),,,,,,566,2019-05-12 07:12:45,2019-05-12 23:19:49,7.7,3.4265017667844524,unknown
367371810,MAGOTHY,IMO9544205,WDE5803,31.0,30.0,10.0,1612,2019-05-08 23:20:02,2019-05-11 18:31:55,8.0,2.444602977667494,tug/towing
367371820,ANACOSTIA,IMO9544217,WDE5804,31.0,30.0,10.0,1974,2019-05-08 23:21:49,2019-05-12 23:17:12,11.1,1.407244174265451,tug/towing
367375620,STUD II,,WDE6081,31.0,13.0,7.0,1326,2019-05-08 23:20:17,2019-05-10 23:20:29,8.5,0.2204374057315234,tug/towing
367375720,BUBBA GATES,,WDE6090,31.0,20.0,8.0,2924,2019-05-08 23:20:29,2019-05-12 16:14:22,7.6,0.4774281805745554,tug/towing
367378170,HUD JOSEPH,,WDE6277,31.0,18.0,7.0,3552,2019-05-08 23:21:24,2019-05-12 23:19:15,8.4,0.6211711711711712,tug/towing
367378180,TOMMY ANDREW,IMO8992948,WDE6278,31.0,17.0,7.0,2553,2019-05-08 23:20:51,2019-05-12 23:19:45,10.1,1.0705836271053661,tug/towing
367381000,OVERSEAS NEW YORK,IMO9353541,WGEH,80.0,183.0,32.0,279,2019-05-08 23:20:33,2019-05-09 08:26:48,13.7,7.915770609318996,tanker
367384020,BLESSED TRINITY,,WDE6725,31.0,22.0,9.0,3522,2019-05-08 23:21:02,2019-05-12 23:19:55,7.9,0.4840999432140829,tug/towing
367385440,LUCKY LADY,,WDE6832,31.0,14.0,5.0,350,2019-05-09 13:22:35,2019-05-10 15:43:28,3.5,0.014857142857142857,tug/towing
367386576,HERBERT J. PLAISANCE,,WDE6917,31.0,20.0,9.0,551,2019-05-11 04:18:38,2019-05-11 19:58:39,5.5,4.115607985480944,tug/towing
367387910,MISS BEVERLY,,WDE7020,31.0,10.0,5.0,276,2019-05-11 18:12:01,2019-05-12 01:59:41,6.6,4.4554347826086955,tug/towing
367387930,ODYSSEA DEFENDER,IMO9535072,WDE7022,90.0,58.0,12.0,500,2019-05-11 21:09:42,2019-05-12 11:04:51,12.2,2.7716,other
367388340,LAMAR,IMO9585065,WDE7053,31.0,30.0,12.0,2520,2019-05-08 23:20:12,2019-05-12 23:18:04,14.2,2.4037301587301587,tug/towing
367390960,CITATION,,WDE7253,31.0,22.0,9.0,348,2019-05-08 23:20:19,2019-05-09 23:52:10,8.0,4.319540229885058,tug/towing
367391260,ROBERT H DEDMAN,IMO9207003,WCY9892,60.0,80.0,19.0,2433,2019-05-08 23:22:17,2019-05-12 23:19:26,13.6,1.7207562679819155,passenger
367395010,SALVATION,,WDE7579,31.0,22.0,9.0,1198,2019-05-11 13:21:46,2019-05-12 23:19:56,7.8,2.7289649415692825,tug/towing
367398270,THAI EXPRESS 1,IMO8941145,WDE7836,30.0,24.0,7.0,1153,2019-05-08 23:22:35,2019-05-11 19:07:18,0.1,0.0006938421509106678,fishing
367403580,PASS CHRISTIAN,,WDE8273,31.0,23.0,10.0,626,2019-05-08 23:22:27,2019-05-09 20:33:07,8.2,3.95814696485623,tug/towing
367404580,CONNER P,,WDE8361,31.0,17.0,7.0,3633,2019-05-08 23:20:54,2019-05-12 23:18:04,9.0,2.3479493531516655,tug/towing
367404620,ROY DEVALL,,WDE8363,31.0,17.0,7.0,3589,2019-05-08 23:20:24,2019-05-12 23:17:54,9.0,1.8857620507105044,tug/towing
367408160,DON CARLTON,,WDE8670,31.0,26.0,9.0,699,2019-05-10 21:02:43,2019-05-11 15:54:42,9.7,3.632331902718169,tug/towing
367408220,LOUISIANA SUNRISE,,WDE8675,31.0,20.0,6.0,3636,2019-05-08 23:22:15,2019-05-12 23:18:44,7.9,1.0094334433443344,tug/towing
367414780,ELLIOT CHERAMIE,IMO9202326,WDE9213,90.0,44.0,10.0,2647,2019-05-10 01:11:07,2019-05-12 23:18:05,11.8,0.1318851530034001,other
367415160,YELLOWFIN,IMO9565584,WDG9738,31.0,35.0,10.0,1557,2019-05-08 23:21:16,2019-05-12 17:18:01,9.8,1.4665382145150931,tug/towing
367415180,BUD SONIER,,WDE9248,31.0,21.0,9.0,3682,2019-05-08 23:22:28,2019-05-12 23:18:56,7.6,0.4026615969581749,tug/towing
367419290,CAPT BOB,,WDE9616,90.0,12.0,4.0,11,2019-05-09 15:57:43,2019-05-09 19:07:43,0.0,0.0,other
367424420,HADEN II,IMO9215335,WDF2064,31.0,28.0,10.0,2119,2019-05-08 23:20:05,2019-05-12 23:17:34,9.5,0.9638036809815951,tug/towing
367424750,WAYNE T MOSLEY,,WDF2092,31.0,25.0,9.0,3317,2019-05-08 23:20:19,2019-05-12 13:09:16,10.1,0.91263189629183,tug/towing
367424940,LAVACA BAY,,WDF2105,31.0,21.0,9.0,1255,2019-05-11 08:46:53,2019-05-12 23:19:49,9.5,1.604223107569721,tug/towing
367427450,HARVEY CHARGER,IMO9575113,WDH2181,90.0,56.0,14.0,2754,2019-05-08 23:20:30,2019-05-12 00:14:49,11.6,0.3619825708061002,other
367428230,MUDD TUG 14,,WDF2451,31.0,7.0,4.0,3308,2019-05-08 23:22:53,2019-05-12 23:19:32,6.3,0.18518742442563482,tug/towing
367428440,MICHAEL MCCREERY,,WDF2469,31.0,23.0,10.0,1829,2019-05-10 12:25:50,2019-05-12 23:19:35,9.2,1.7924548933843631,tug/towing
367429010,SEA HORSE,IMO8941157,WDF2534,30.0,24.0,7.0,225,2019-05-09 07:01:17,2019-05-12 19:53:13,5.3,2.7888888888888888,fishing
367436830,TEXAS CUTTER,,WDF3173,90.0,,,3543,2019-05-08 23:21:07,2019-05-12 23:19:22,1.0,0.151340671747107,other
367437150,SCOTT CAMP,,WDF3203,31.0,26.0,9.0,193,2019-05-08 23:20:54,2019-05-09 04:22:42,6.0,4.343523316062176,tug/towing
367437840,NEDA J,,WDF3258,31.0,21.0,7.0,44,2019-05-12 22:09:26,2019-05-12 23:19:07,4.9,3.713636363636364,tug/towing
367439580,BLUE FIN,,WDF3411,60.0,13.0,4.0,91,2019-05-11 21:23:13,2019-05-12 12:29:36,18.4,3.3692307692307697,passenger
367441460,CROSBY LADY,,WDF3568,31.0,19.0,6.0,3629,2019-05-08 23:21:05,2019-05-12 23:19:14,8.1,0.22356020942408375,tug/towing
367442390,YELLOW ROSE,,WDF3650,50.0,21.0,5.0,3648,2019-05-08 23:20:33,2019-05-12 23:18:46,30.1,2.3978344298245613,special craft
367443060,WILSEY DUPRE,,WDF3703,31.0,21.0,9.0,1409,2019-05-08 23:20:42,2019-05-12 23:19:42,8.0,0.4830376153300213,tug/towing
367446290,MISS QUYNH ANH III,IMO8970031,WDF3970,30.0,27.0,8.0,1282,2019-05-08 23:20:49,2019-05-12 23:19:46,8.0,3.1369734789391575,fishing
367446860,KRISTY L,,WDF4012,31.0,17.0,6.0,2276,2019-05-10 10:57:45,2019-05-12 23:18:34,10.3,0.9772407732864674,tug/towing
367446940,GULF SHRIMP,IMO8034021,WDF4019,30.0,20.0,6.0,2317,2019-05-08 23:21:35,2019-05-12 23:19:35,10.5,2.035692706085455,fishing
367448590,RHONDA E,,WDF4153,31.0,14.0,6.0,1987,2019-05-08 23:20:12,2019-05-12 23:18:43,7.2,1.373829894313035,tug/towing
367449040,DAVID MCNEMAR,,WDF4192,31.0,26.0,9.0,1021,2019-05-08 23:20:45,2019-05-10 01:36:06,8.3,2.199020568070519,tug/towing
367450510,LADY KRISTIE II,IMO8969458,WDF4325,30.0,25.0,7.0,1151,2019-05-08 23:22:01,2019-05-11 10:15:14,8.8,2.326411815812337,fishing
367451350,LA ISLA,,WCZ9024,37.0,15.0,5.0,885,2019-05-08 23:20:38,2019-05-12 22:02:59,7.7,0.7661016949152543,sailing/pleasure
367453280,MASTER JOHN,IMO8854328,WDF4560,30.0,23.0,6.0,2399,2019-05-08 23:20:16,2019-05-12 23:19:18,9.9,2.094330971238016,fishing
367455770,SR AMERICAN PROGRESS,IMO9118628,KAWM,80.0,183.0,32.0,1297,2019-05-09 12:32:27,2019-05-12 23:18:49,13.7,2.912798766383963,tanker
367456770,COUSHATTA,,WDF4876,31.0,21.0,8.0,3203,2019-05-09 12:45:13,2019-05-12 23:18:32,7.3,0.9507649078988449,tug/towing
367456820,INNOVATOR,IMO8981420,WDF4880,31.0,22.0,9.0,3643,2019-05-08 23:22:19,2019-05-12 23:19:50,8.0,0.30134504529234146,tug/towing
367456860,LAKE CHARLES,IMO8851273,WDF4884,31.0,23.0,8.0,2871,2019-05-09 20:16:36,2019-05-12 23:18:55,11.5,0.8806339254615118,tug/towing
367456870,LIBERTY,IMO8981432,WDF4885,31.0,22.0,9.0,3653,2019-05-08 23:20:43,2019-05-12 23:19:22,7.2,0.10818505338078291,tug/towing
367457000,OREGON VOYAGER,IMO9144914,WDF2960,80.0,188.0,32.0,1692,2019-05-08 23:22:47,2019-05-12 20:17:53,16.2,0.7046690307328605,tanker
367457250,GALVESTON,,WDF4916,50.0,21.0,6.0,4047,2019-05-08 23:20:08,2019-05-12 23:17:52,31.6,10.068742278230788,special craft
367460420,BAREFOOT BABE,,WDF5190,60.0,13.0,4.0,600,2019-05-08 23:22:22,2019-05-12 23:12:31,0.2,0.008166666666666668,passenger
367460890,MASTER TONY,IMO8983791,WDF5237,30.0,26.0,7.0,49,2019-05-12 02:23:38,2019-05-12 05:31:36,3.5,3.1122448979591835,fishing
367465140,CAPT MAI,IMO9241891,WDF5600,30.0,25.0,7.0,574,2019-05-10 10:35:46,2019-05-11 15:56:29,7.9,1.171254355400697,fishing
367465660,LADY DAPHNE,,WDF5646,37.0,12.0,3.0,81,2019-05-12 16:24:35,2019-05-12 19:46:57,6.0,2.8382716049382717,sailing/pleasure
367467170,CAPT MARK,,WDF5784,31.0,15.0,6.0,2512,2019-05-08 23:21:02,2019-05-12 23:19:23,8.6,1.7426751592356688,tug/towing
367468730,MISS KARLI,,WDF5923,31.0,18.0,7.0,1527,2019-05-08 23:21:15,2019-05-12 23:19:34,7.0,2.10988867059594,tug/towing
367473550,ST CHARLES,,WDF6371,31.0,23.0,10.0,79,2019-05-08 23:20:42,2019-05-09 01:34:31,5.6,4.353164556962025,tug/towing
367477850,TARDIS TWO,,WDF6788,37.0,10.0,3.0,1023,2019-05-08 23:21:51,2019-05-12 23:14:20,0.2,0.007331378299120235,sailing/pleasure
367479930,MR BENNETT,,WDF6985,31.0,18.0,7.0,2579,2019-05-08 23:20:24,2019-05-12 23:19:21,8.3,1.555447848003102,tug/towing
367481510,LIVE FREE,,WDF7142,37.0,12.0,4.0,11,2019-05-10 12:03:03,2019-05-12 08:27:02,0.0,0.0,sailing/pleasure
367486980,SAVAGE PROMISE,,WDF7678,31.0,20.0,7.0,2200,2019-05-08 23:21:27,2019-05-12 23:17:41,7.2,1.9651363636363637,tug/towing
367487280,CAPT DANIEL,IMO9241841,WDF7707,30.0,24.0,7.0,850,2019-05-08 23:42:30,2019-05-12 23:15:21,9.4,2.9451764705882355,fishing
367488490,TRIGGER,,WDF7822,31.0,21.0,9.0,3096,2019-05-08 23:20:35,2019-05-12 23:19:13,8.7,0.9335594315245479,tug/towing
367490530,JERRY DOG MCLAIN,,WDF8019,31.0,23.0,10.0,3622,2019-05-08 23:21:30,2019-05-12 23:17:44,8.1,0.18790723357261183,tug/towing
367491540,BETTY L,,WDF8115,31.0,17.0,6.0,1993,2019-05-08 23:20:40,2019-05-12 21:05:38,8.7,1.6338183642749622,tug/towing
367494610,KAIROS,,WDF8414,37.0,14.0,,35,2019-05-08 23:20:09,2019-05-12 11:36:52,0.1,0.002857142857142857,sailing/pleasure
367495480,RICK PUMPHREY,,WDF8497,31.0,16.0,6.0,3658,2019-05-08 23:21:56,2019-05-12 23:19:57,9.1,0.22433023510114816,tug/towing
367497670,DELTA PRIDE,IMO7702451,WDF8704,31.0,34.0,10.0,574,2019-05-09 12:33:02,2019-05-10 02:57:41,11.1,2.8968641114982576,tug/towing
367498680,DELTA BUCK,IMO7204148,WDF8798,31.0,19.0,7.0,1343,2019-05-09 18:12:19,2019-05-11 04:13:58,11.9,2.643410275502606,tug/towing
367498860,DELTA MALLARD,,WDF8814,31.0,16.0,6.0,2365,2019-05-08 23:20:43,2019-05-12 23:18:44,7.9,0.9721775898520084,tug/towing
367498910,DELTA RULER,IMO8037164,WDF8818,31.0,20.0,7.0,1327,2019-05-09 18:11:18,2019-05-11 03:41:27,11.7,2.690655614167295,tug/towing
367499610,MIDNIGHT SUN,IMO7307110,WDF8886,30.0,21.0,7.0,446,2019-05-11 19:44:20,2019-05-12 23:18:31,6.1,2.702017937219731,fishing
367500410,RICHARD J DEVALL,,WDF8965,31.0,17.0,6.0,1677,2019-05-10 22:41:41,2019-05-12 23:19:43,8.5,1.5700655933214074,tug/towing
367501540,OSG ENDURANCE,IMO9441477,WDF9078,31.0,42.0,11.0,1733,2019-05-08 23:20:52,2019-05-12 23:18:14,1.3,0.5168493941142528,tug/towing
367503580,DONNIE SONIER,,WDF9285,31.0,21.0,9.0,1131,2019-05-11 15:17:08,2019-05-12 23:19:19,7.4,2.0564102564102567,tug/towing
367503920,BROOKE BANTA,,WDF9317,31.0,21.0,8.0,862,2019-05-08 23:20:41,2019-05-09 23:37:30,10.1,4.312761020881671,tug/towing
367504640,DREAMS FLOAT,,WDF9388,37.0,14.0,4.0,38,2019-05-12 16:44:31,2019-05-12 20:27:48,0.1,0.002631578947368421,sailing/pleasure
367504910,DENIA,IMO9333292,WDF9413,31.0,29.0,10.0,2594,2019-05-08 23:20:12,2019-05-12 23:17:49,13.2,2.2045104086353122,tug/towing
367505060,PATRICIA ANNE,,WDF9428,31.0,26.0,9.0,341,2019-05-12 13:45:20,2019-05-12 23:19:21,6.0,4.454545454545454,tug/towing
367505780,CPL JACOB C LEICHT,,WDF9500,31.0,24.0,,1612,2019-05-08 23:21:24,2019-05-10 16:17:19,9.2,1.876861042183623,tug/towing
367505870,ORANGE,,WDF9509,31.0,23.0,10.0,2023,2019-05-08 23:21:17,2019-05-12 23:18:20,8.3,0.554028670291646,tug/towing
367506560,JOSEPHINE K MILLER,IMO9568835,WDF9573,90.0,52.0,10.0,1672,2019-05-08 23:22:17,2019-05-12 23:19:25,0.1,0.000777511961722488,other
367506740,LLANO,,WDF9589,31.0,25.0,9.0,3114,2019-05-08 23:22:08,2019-05-12 23:17:49,8.2,1.083140655105973,tug/towing
367507220,TEDDY MEYER,,WDF9635,31.0,27.0,,3620,2019-05-08 23:20:59,2019-05-12 23:18:50,8.3,0.3925414364640884,tug/towing
367507730,SAN ANTONIO,,WDF9683,31.0,23.0,10.0,2989,2019-05-08 23:20:56,2019-05-12 04:22:47,11.2,1.9103044496487118,tug/towing
367509510,SABINE,,WDF9854,31.0,25.0,9.0,2063,2019-05-08 23:20:25,2019-05-11 03:04:25,8.5,1.9513330101793505,tug/towing
367509710,T & L EXPRESS,IMO8940012,WDF9873,30.0,24.0,7.0,187,2019-05-08 23:22:13,2019-05-10 17:32:48,0.1,0.003208556149732621,fishing
367509840,EDWARD JONES JR,,WDF9886,31.0,21.0,,3576,2019-05-08 23:20:51,2019-05-12 23:18:43,6.7,0.22486017897091723,tug/towing
367510420,AL CENAC,,WDF9939,31.0,21.0,,3553,2019-05-08 23:21:18,2019-05-12 23:19:08,8.5,0.299183788347875,tug/towing
367511240,AET EXCELLENCE,IMO9632595,WDG2014,90.0,56.0,14.0,320,2019-05-08 23:20:07,2019-05-09 23:33:26,12.4,2.9175,other
367512880,DIABLO,,WDG2170,80.0,23.0,,3082,2019-05-08 23:20:44,2019-05-12 23:19:57,9.2,0.6870538611291369,tanker
367514360,SAN PEDRO,,WDG2312,31.0,25.0,,649,2019-05-08 23:22:28,2019-05-09 23:28:31,7.7,3.0365177195685673,tug/towing
367514530,ST PETER,,WDG2327,30.0,19.0,5.0,1516,2019-05-08 23:25:17,2019-05-12 23:19:29,0.3,0.012796833773087072,fishing
367515210,CAPT CLAUDE,,WDG2394,31.0,16.0,6.0,2020,2019-05-08 23:20:27,2019-05-12 23:17:36,7.5,0.05618811881188119,tug/towing
367515280,LADY OF GUADALUPE,,WDG2401,31.0,22.0,9.0,1201,2019-05-11 00:59:11,2019-05-12 09:37:10,7.4,1.251623646960866,tug/towing
367515290,LADY OF FATIMA,,WDG2402,31.0,18.0,7.0,3620,2019-05-08 23:21:20,2019-05-12 23:18:59,10.6,1.7589502762430937,tug/towing
367517040,VISION QUEST,,WDG2575,37.0,12.0,3.0,174,2019-05-09 16:36:29,2019-05-10 19:01:04,9.0,4.352298850574712,sailing/pleasure
367517960,MISS RACHEL,,WDG2665,31.0,18.0,6.0,1195,2019-05-08 23:20:30,2019-05-10 20:21:03,7.0,0.2961506276150627,tug/towing
367518480,ANNIE MOON,,WDG2713,31.0,7.0,,233,2019-05-09 13:25:00,2019-05-12 20:47:34,5.7,3.7244635193133044,tug/towing
367519320,FATHER PAT,,WDG2791,31.0,23.0,,1093,2019-05-09 16:36:54,2019-05-10 19:16:34,7.9,2.4709057639524246,tug/towing
367521510,BARBARA ANN,,WDG3008,31.0,21.0,,3690,2019-05-08 23:21:56,2019-05-12 23:19:11,7.4,0.10945799457994579,tug/towing
367522540,ALVA DUPRE,,WDG3104,31.0,21.0,8.0,2410,2019-05-08 23:20:21,2019-05-12 05:15:58,9.1,1.293609958506224,tug/towing
367524270,NEAL J SEAGO,,WDG3267,31.0,20.0,,2369,2019-05-08 23:21:30,2019-05-12 11:02:26,7.4,1.2530181511186156,tug/towing
367528050,SIDNEY BOURG,,WDG3630,31.0,17.0,7.0,3671,2019-05-08 23:21:18,2019-05-12 23:18:58,8.1,0.4497956959956415,tug/towing
367528070,MICHELLE ELISE,,WDG3632,31.0,19.0,7.0,3563,2019-05-08 23:20:07,2019-05-12 23:17:34,44.9,1.5275329778276734,tug/towing
367528080,MISS MARY JEAN,,WDG3633,31.0,21.0,8.0,973,2019-05-10 00:23:17,2019-05-11 00:25:20,9.3,2.7723535457348407,tug/towing
367528110,R J CHERAMIE,,WDG3635,31.0,21.0,8.0,488,2019-05-08 23:21:21,2019-05-09 23:52:10,6.5,2.9831967213114754,tug/towing
367530350,AET RESPONSIBILITY,IMO9643520,WDG3854,90.0,53.0,14.0,507,2019-05-08 23:21:29,2019-05-11 08:11:44,10.4,2.8946745562130176,other
367530470,SEA LION,,WDG3865,31.0,17.0,,3629,2019-05-08 23:21:30,2019-05-12 23:18:52,9.3,0.23634610085422983,tug/towing
367530590,CAPT PAUL E LORD,,WDG3876,31.0,20.0,,2342,2019-05-10 09:19:15,2019-05-12 23:19:46,9.0,1.066994022203245,tug/towing
367533930,MISSION,,WDG4189,31.0,25.0,9.0,2512,2019-05-08 23:20:29,2019-05-12 23:19:47,6.2,0.15019904458598726,tug/towing
367534680,CAPT NILES SHOEMAKER,,WDG4261,31.0,25.0,,3683,2019-05-08 23:22:14,2019-05-12 23:19:24,5.8,0.07273961444474614,tug/towing
367534690,PATRICK J STUDDERT,,WDG4262,31.0,25.0,,3621,2019-05-08 23:20:44,2019-05-12 23:18:48,7.4,0.15752554542943936,tug/towing
367537990,VAN LANG II,IMO0000000,,30.0,0.0,0.0,484,2019-05-09 13:12:14,2019-05-12 23:19:51,0.1,0.005165289256198347,fishing
367539590,GULF VIKING,IMO8938708,WDG4737,30.0,24.0,7.0,1759,2019-05-09 13:12:15,2019-05-12 20:38:21,6.6,2.6255258669698693,fishing
367539810,CAPT ANDY LAKE,,WDG4759,31.0,26.0,,1352,2019-05-08 23:20:59,2019-05-11 16:12:06,7.2,1.2394970414201183,tug/towing
367541710,JIM SPENCE,,WDG4943,60.0,17.0,,66,2019-05-09 15:31:51,2019-05-10 21:38:59,23.9,5.207575757575757,passenger
367541980,EUGENIE J HUGER,,WDG4974,31.0,22.0,,505,2019-05-11 14:18:48,2019-05-12 04:18:48,9.0,4.548514851485148,tug/towing
367543390,MICHAEL A DUHON,,WDG5108,31.0,20.0,,830,2019-05-10 21:34:37,2019-05-12 23:19:37,8.4,5.380120481927711,tug/towing
367544110,T-ONE,IMO7733280,WDG5179,30.0,20.0,6.0,853,2019-05-09 07:10:23,2019-05-12 23:08:49,4.5,1.766822977725674,fishing
367544960,THUNDER,,WDG5276,31.0,22.0,,2253,2019-05-10 09:35:20,2019-05-12 23:19:21,8.3,0.6628939192188193,tug/towing
367545860,MS KERCI,IMO8968179,WDG5359,90.0,41.0,9.0,3492,2019-05-08 23:20:21,2019-05-12 23:20:00,9.2,0.48934707903780067,other
367548930,BOARDWALK FANTASEA,,WDG5661,60.0,30.0,6.0,1485,2019-05-08 23:23:14,2019-05-12 23:19:18,6.3,1.175016835016835,passenger
367549670,SAN MARCOS,,WDG5730,31.0,23.0,,3414,2019-05-08 23:20:28,2019-05-12 23:18:13,8.3,0.30023432923257176,tug/towing
367550060,CAPT QUANG,IMO8969410,WDG5768,30.0,26.0,7.0,498,2019-05-11 22:49:32,2019-05-12 22:47:00,8.6,1.1783132530120481,fishing
367550960,LUCKY STAR,IMO8019590,WDG5853,30.0,23.0,7.0,327,2019-05-08 23:21:27,2019-05-11 18:59:12,2.2,0.026605504587155968,fishing
367551640,MISS CINDY,IMO8970110,WDG5916,30.0,25.0,7.0,322,2019-05-11 11:16:00,2019-05-12 20:30:03,7.2,2.9024844720496894,fishing
367551680,SAVAGE INGENUITY,,WDG5920,31.0,20.0,,819,2019-05-10 22:26:05,2019-05-11 20:30:34,9.6,2.475946275946276,tug/towing
367552440,POINT COMFORT,,WDG5997,31.0,23.0,,3594,2019-05-08 23:21:11,2019-05-12 23:18:32,12.0,0.43823447507658037,tug/towing
367554830,DAVE LEBOEUF,,WDG6234,31.0,21.0,,821,2019-05-11 23:47:30,2019-05-12 23:18:30,6.4,1.3062119366626066,tug/towing
367555480,RANDY J ADAMS,,WDG6297,31.0,25.0,,474,2019-05-08 23:21:06,2019-05-09 12:23:47,8.2,2.143037974683544,tug/towing
367555670,SAVAGE OPPORTUNITY,,WDG6313,31.0,23.0,,3584,2019-05-08 23:20:52,2019-05-12 23:18:52,8.9,0.23649553571428572,tug/towing
367556020,SAVAGE SPIRIT,,WDG6346,31.0,25.0,,1973,2019-05-08 23:20:54,2019-05-12 23:17:31,9.1,1.012113532691333,tug/towing
367558880,GALVESTON ISLAND,IMO8793550,WDG6616,90.0,24.0,,201,2019-05-09 12:42:58,2019-05-10 18:41:23,18.1,7.430845771144278,other
367561370,GORDON A KEENAN,,WDG6853,31.0,23.0,,1305,2019-05-09 18:43:37,2019-05-12 06:10:14,9.4,1.8505747126436782,tug/towing
367562290,PEGASUS,,WDG6943,37.0,15.0,,32,2019-05-10 17:44:12,2019-05-10 19:31:43,16.1,6.80625,sailing/pleasure
367562680,ESTANCIA,,WDG6984,37.0,30.0,,1268,2019-05-08 23:22:04,2019-05-12 23:13:03,0.1,0.0017350157728706626,sailing/pleasure
367564240,INNOVATOR,,WDG7137,31.0,23.0,,3239,2019-05-09 10:35:48,2019-05-12 23:19:01,9.6,0.8401049706699598,tug/towing
367565110,ANNA MICHAEL,,WDG7225,31.0,21.0,,3570,2019-05-08 23:20:43,2019-05-12 23:19:12,7.5,0.2469599327542729,tug/towing
367566160,SEATIGER,,WDG7325,31.0,15.0,6.0,3145,2019-05-09 11:47:58,2019-05-12 23:19:58,9.6,1.3942448330683623,tug/towing
367570750,MONICA MEANS,,WDG7778,31.0,26.0,9.0,3672,2019-05-08 23:20:36,2019-05-12 23:19:21,7.0,0.18510348583877997,tug/towing
367571790,BAYOU BLUE,,WDG7883,60.0,13.0,,245,2019-05-09 17:15:29,2019-05-10 19:11:29,0.1,0.025306122448979593,passenger
367572190,COPY CAT,,WDG7922,37.0,14.0,,1452,2019-05-08 23:22:43,2019-05-12 23:18:20,1.2,0.03519283746556474,sailing/pleasure
367573410,CHAMPION,,WDG8040,31.0,26.0,,3612,2019-05-08 23:21:06,2019-05-12 23:18:24,9.2,0.7617386489479513,tug/towing
367577620,SAVAGE OUTLOOK,,WDG8447,31.0,20.0,,3514,2019-05-08 23:21:41,2019-05-12 23:19:50,11.8,1.3017074558907227,tug/towing
367579920,SAVAGE INSPIRATION,,WDG8667,31.0,23.0,,3620,2019-05-08 23:21:39,2019-05-12 23:17:36,7.0,0.13665745856353592,tug/towing
367580620,JAMES GOLDING,,WDG8741,31.0,25.0,,2291,2019-05-08 23:22:31,2019-05-12 23:19:45,8.5,0.8710606721955477,tug/towing
367581120,STARDUST,,WDG8792,31.0,22.0,,3624,2019-05-08 23:21:16,2019-05-12 23:18:55,3.3,0.005794701986754967,tug/towing
367581140,FURY,,WDG8794,31.0,22.0,,1922,2019-05-08 23:21:30,2019-05-12 23:19:48,7.5,0.686108220603538,tug/towing
367583130,(no name broadcast),,,,,,1006,2019-05-08 23:21:11,2019-05-10 02:06:07,7.5,1.2252485089463219,unknown
367584530,KENNEDY GRACE,,WDG9120,31.0,15.0,6.0,3535,2019-05-08 23:20:36,2019-05-12 23:19:11,6.9,0.12792079207920792,tug/towing
367584550,SAVAGE JOURNEY,,WDG9122,31.0,17.0,7.0,2121,2019-05-08 23:20:03,2019-05-12 23:19:07,8.0,1.9992927864214993,tug/towing
367587190,BROWN WATER XI,,WDG9382,31.0,16.0,7.0,708,2019-05-11 22:53:01,2019-05-12 19:14:19,7.2,3.47090395480226,tug/towing
367588180,CAVALIER,,WDG9478,37.0,,,1144,2019-05-08 23:22:40,2019-05-12 23:19:56,0.1,0.008391608391608393,sailing/pleasure
367588940,MISS ELIZABETH,IMO7906851,WDG9553,31.0,25.0,8.0,1951,2019-05-08 23:23:01,2019-05-12 23:19:59,7.3,0.727011788826243,tug/towing
367589050,LINDSEY GRAHAM,,WDG9563,31.0,24.0,,972,2019-05-08 23:21:45,2019-05-10 00:14:46,8.6,2.4740740740740743,tug/towing
367589280,INDEPENDENCE,,WDG9585,31.0,25.0,,1952,2019-05-08 23:22:57,2019-05-12 23:17:46,9.5,0.7984631147540984,tug/towing
367589290,PROVIDER,,WDG9586,31.0,25.0,,2355,2019-05-10 09:06:25,2019-05-12 23:18:56,9.7,1.0058174097664543,tug/towing
367589520,KARL G ANDREN,,WDG9609,31.0,23.0,,3638,2019-05-08 23:21:32,2019-05-12 23:18:23,9.7,0.35412314458493677,tug/towing
367590130,ALMOST HEAVEN,,WDG9667,37.0,13.0,,1585,2019-05-08 23:24:39,2019-05-12 23:05:18,15.1,0.07097791798107256,sailing/pleasure
367591810,VALOR,,WDG9853,31.0,25.0,,3660,2019-05-08 23:20:42,2019-05-12 23:19:51,7.9,0.38633879781420766,tug/towing
367593750,MALLARD,IMO9483815,WDH2036,90.0,56.0,14.0,258,2019-05-08 23:22:37,2019-05-09 23:53:35,10.4,3.4375968992248063,other
367594470,CAPT J W BANTA,,WDH2110,31.0,23.0,,3156,2019-05-08 23:21:44,2019-05-12 08:45:35,9.8,1.1775982256020279,tug/towing
367597820,CAJUN,,WDH2458,31.0,21.0,,945,2019-05-08 23:20:40,2019-05-10 00:04:39,8.4,2.6659259259259263,tug/towing
367598790,BAYSMART EXPRESS,,WDH2552,60.0,27.0,6.0,85,2019-05-09 14:56:04,2019-05-09 16:44:34,10.7,7.815294117647058,passenger
367600490,SAN SABA,,WDH2719,31.0,23.0,,2589,2019-05-08 23:21:32,2019-05-12 23:18:42,7.5,0.2953632148377125,tug/towing
367600750,SAVAGE INNOVATOR,,WDH2744,31.0,22.0,,3750,2019-05-08 23:20:29,2019-05-12 23:18:47,9.9,0.43165333333333333,tug/towing
367605130,DAHLI BROOKE,,WDH3184,31.0,20.0,,1357,2019-05-10 21:08:31,2019-05-12 09:25:50,9.8,2.9345615327929253,tug/towing
367606370,PAT BOONE,,WDH3305,31.0,15.0,6.0,3648,2019-05-08 23:21:02,2019-05-12 23:19:57,8.2,2.137061403508772,tug/towing
367608470,SAN SALVADOR,,WDH3551,31.0,26.0,,2434,2019-05-08 23:20:14,2019-05-12 23:19:41,9.7,0.9407970419063271,tug/towing
367611160,CAPT RYAN,IMO8984173,WDH3811,30.0,26.0,7.0,991,2019-05-09 04:36:18,2019-05-10 18:36:51,9.2,0.7100908173562059,fishing
367611340,ANDIAMO,IMO0000000,,36.0,14.0,4.0,499,2019-05-08 23:20:33,2019-05-12 23:17:20,0.2,0.003006012024048096,sailing/pleasure
367611960,WEEZIE CENAC,,WDH3888,31.0,21.0,,1791,2019-05-08 23:22:45,2019-05-12 23:18:58,7.7,0.06942637492607924,tug/towing
367613760,LANEY BLESSEY WATKIN,,WDH4058,31.0,24.0,,3654,2019-05-08 23:20:24,2019-05-12 23:18:04,8.5,0.6174329501915709,tug/towing
367614890,DELFRED ROMERO,,WDH9117,31.0,25.0,,1947,2019-05-08 23:20:36,2019-05-12 23:19:35,8.9,0.85582948125321,tug/towing
367615680,SAVAGE LEGACY,,WDH4244,31.0,22.0,,2489,2019-05-08 23:20:07,2019-05-12 07:42:49,10.3,1.7329851345922056,tug/towing
367615990,JACOB BRENT,,WDH4272,90.0,29.0,8.0,3235,2019-05-08 23:22:55,2019-05-12 23:17:51,12.5,1.6289953632148377,other
367618370,CAPT T W BOUDREAUX,,WDH4500,31.0,22.0,7.0,2400,2019-05-08 23:20:36,2019-05-11 12:06:56,7.8,1.3968333333333334,tug/towing
367618390,MISS ANNA,IMO8855853,WDH4502,30.0,26.0,7.0,2170,2019-05-09 11:05:30,2019-05-12 23:18:14,8.7,2.2305069124423964,fishing
367618670,TIM SCOTT,,WDH4528,31.0,24.0,,3586,2019-05-08 23:20:52,2019-05-12 23:19:32,10.2,0.9358059118795315,tug/towing
367619730,SARAH GOLDING,,WDH4635,31.0,22.0,,3011,2019-05-08 23:21:25,2019-05-12 05:22:15,8.5,0.8771504483560278,tug/towing
367620180,APACHE,IMO8851314,WDH4677,31.0,19.0,7.0,350,2019-05-08 23:20:27,2019-05-09 13:46:58,7.9,2.900857142857143,tug/towing
367620930,(no name broadcast),,,,,,315,2019-05-09 12:33:02,2019-05-09 20:16:13,7.5,2.12031746031746,unknown
367621000,REBEKAH,IMO7932331,WDI7588,31.0,23.0,8.0,386,2019-05-08 23:20:12,2019-05-12 22:02:52,10.2,7.028238341968912,tug/towing
367622520,MAGNOLIA,,WDH4902,31.0,21.0,,1904,2019-05-10 07:42:39,2019-05-12 08:48:29,10.8,2.569048870204939,tug/towing
367622960,FONSE CENAC,,WDH4948,31.0,21.0,,2065,2019-05-08 23:20:36,2019-05-11 03:27:55,8.1,1.235593220338983,tug/towing
367623770,LIBERTY,,WDH5025,37.0,14.0,,569,2019-05-10 21:12:22,2019-05-12 16:00:21,0.0,0.0,sailing/pleasure
367626850,NOKNEE,,WDH5328,37.0,12.0,4.0,1493,2019-05-08 23:21:50,2019-05-12 23:18:50,0.2,0.0009377093101138648,sailing/pleasure
367629590,CAPT WAYNE TAYLOR,,WDH5608,31.0,17.0,6.0,1404,2019-05-10 03:24:31,2019-05-12 23:19:02,7.5,1.9362535612535612,tug/towing
367630830,TUG DEVALL,,WDH5726,31.0,19.0,,2852,2019-05-08 23:21:12,2019-05-12 00:38:01,10.1,0.9989831697054699,tug/towing
367631420,MOONCHILD II,,WDH5780,37.0,13.0,,763,2019-05-08 23:26:41,2019-05-12 23:17:47,0.2,0.011664482306684142,sailing/pleasure
367631610,ALICE GOLDING,,WDH5800,31.0,25.0,,3690,2019-05-08 23:20:57,2019-05-12 23:19:26,8.2,0.1946070460704607,tug/towing
367637350,GRACIE LEE,IMO8992601,WDH6380,31.0,21.0,9.0,315,2019-05-09 15:51:11,2019-05-10 19:25:05,6.3,0.3114285714285714,tug/towing
367640610,BEN STRAFUSS,,WDH6685,31.0,22.0,,2085,2019-05-10 14:06:01,2019-05-12 23:19:02,8.1,1.2646043165467624,tug/towing
367640680,PHYLLIS E,,WDH6692,31.0,18.0,7.0,3638,2019-05-08 23:21:51,2019-05-12 23:18:43,8.4,1.246536558548653,tug/towing
367642110,CAPT GIANG,IMO8969549,WDH6837,30.0,26.0,7.0,1186,2019-05-09 00:06:21,2019-05-12 15:37:14,11.0,3.029679595278246,fishing
367644460,C C CENAC,,WDH7068,31.0,21.0,,1638,2019-05-08 23:22:34,2019-05-12 23:18:58,10.3,2.5238705738705742,tug/towing
367647650,CAPT GARY E MOSS,,WDH7389,31.0,25.0,,3705,2019-05-08 23:21:17,2019-05-12 23:18:33,6.3,0.44138768898488123,tug/towing
367650190,TY DOLESE,,WDH7645,31.0,26.0,,3669,2019-05-08 23:20:39,2019-05-12 23:19:38,0.1,0.0003543199781956937,tug/towing
367650520,CAPTAIN DANIEL II,IMO8940799,WDH7678,30.0,26.0,7.0,1241,2019-05-08 23:22:37,2019-05-12 23:18:18,9.6,2.96406124093473,fishing
367651810,KATE GOLDING,,WDH7802,31.0,22.0,,870,2019-05-08 23:21:24,2019-05-09 22:13:34,9.3,2.7179310344827585,tug/towing
367651830,GERTRUDE V CREEL,,WDH7805,31.0,23.0,,100,2019-05-08 23:20:49,2019-05-09 01:54:19,6.4,5.846,tug/towing
367652140,AUSTINTATIOUS,,WDH7841,37.0,,,1384,2019-05-08 23:25:03,2019-05-12 23:19:04,0.1,0.006358381502890174,sailing/pleasure
367652980,MICHELLE GOLDING,,WDH7930,31.0,25.0,,3684,2019-05-08 23:20:53,2019-05-12 23:18:54,7.8,0.4026330076004343,tug/towing
367653470,CAPT PETE,,WDH7978,31.0,23.0,,221,2019-05-12 17:06:58,2019-05-12 23:19:40,6.9,5.158371040723982,tug/towing
367654520,NANCY SONIER,,WDH8086,31.0,23.0,,1465,2019-05-11 05:58:51,2019-05-12 23:19:31,9.0,1.3225255972696246,tug/towing
367656540,CAPTAIN STEVEN,IMO8969460,WDH8286,30.0,26.0,7.0,593,2019-05-10 19:02:24,2019-05-12 00:06:28,9.8,1.2655986509274872,fishing
367656670,GENIE CENAC,,WDH8300,31.0,21.0,,213,2019-05-12 17:17:17,2019-05-12 23:18:47,6.6,4.822535211267605,tug/towing
367656820,BRIANNA ELIZABETH,,WDH8320,31.0,21.0,,2007,2019-05-09 11:20:45,2019-05-12 09:01:23,10.8,2.5955156950672644,tug/towing
367658860,MEG KENNEDY MOORE,,WDH8522,31.0,21.0,,24,2019-05-08 23:21:49,2019-05-09 00:03:29,7.1,5.0,tug/towing
367661670,AMERICAN HERO,,WDH8807,31.0,22.0,,529,2019-05-08 23:20:04,2019-05-09 21:37:02,8.1,4.096975425330813,tug/towing
367663570,HENRY CENAC,,WDH8989,31.0,20.0,,3725,2019-05-08 23:20:57,2019-05-12 23:19:26,7.4,0.4009664429530201,tug/towing
367663890,SEBASTIAN D,,WDH9021,31.0,25.0,,2777,2019-05-08 23:20:41,2019-05-12 01:47:32,9.0,0.8528988116672669,tug/towing
367667890,TEXAS CREWED,,WDI7791,37.0,,,965,2019-05-08 23:22:02,2019-05-12 23:18:15,0.3,0.011606217616580311,sailing/pleasure
367668550,BARBARA ELAINE,IMO8984240,WDH9483,30.0,24.0,7.0,107,2019-05-10 13:10:44,2019-05-11 00:44:33,10.7,4.5056074766355145,fishing
367670750,TRIDENT,,WDH9702,60.0,19.0,,280,2019-05-09 14:45:17,2019-05-09 21:20:57,18.4,3.1089285714285713,passenger
367670760,LET IT BE,,WDH9704,37.0,13.0,,200,2019-05-09 21:41:05,2019-05-12 23:19:44,5.1,2.057,sailing/pleasure
367672380,WAYNE BETHEL,,WDH9869,31.0,26.0,9.0,640,2019-05-11 23:49:02,2019-05-12 23:18:21,6.2,2.75296875,tug/towing
367673340,J THOMAS,,WDH9961,31.0,21.0,,1928,2019-05-08 23:21:04,2019-05-12 23:19:17,8.2,0.5395746887966805,tug/towing
367674650,MICHAEL AKIU #86,,WDI2093,31.0,23.0,,2995,2019-05-09 01:26:21,2019-05-12 05:55:52,9.7,1.7928547579298832,tug/towing
367677440,HIGMAN TRADITION,,WDI2368,31.0,23.0,,3150,2019-05-08 23:20:42,2019-05-12 23:19:07,7.9,0.4692698412698413,tug/towing
367677450,CAPT JAMES,,WDI2369,31.0,23.0,,3300,2019-05-08 23:20:53,2019-05-12 23:19:01,7.6,0.7577575757575757,tug/towing
367677630,STEVE N BRIAN,,WDI2385,31.0,25.0,,1869,2019-05-08 23:20:15,2019-05-12 23:17:36,10.3,0.8624933119315141,tug/towing
367679550,RANDOLPH C,,WDI2573,31.0,22.0,,3162,2019-05-09 00:45:35,2019-05-12 23:17:29,7.3,0.6062618595825426,tug/towing
367680160,TEENIE SONIER,,WDI2635,31.0,23.0,,1996,2019-05-08 23:21:44,2019-05-11 01:07:04,8.1,1.4695891783567134,tug/towing
367682130,MV LIV,,WDI2827,31.0,21.0,,3487,2019-05-09 04:00:06,2019-05-12 23:18:41,9.1,1.259334671637511,tug/towing
367683020,CAPT JIM,,WDI2911,31.0,16.0,6.0,373,2019-05-12 12:35:13,2019-05-12 23:18:14,9.0,5.009919571045576,tug/towing
367684470,CROSBY 2,,WDI3051,90.0,45.0,13.0,3602,2019-05-08 23:21:15,2019-05-12 23:18:33,2.5,0.009994447529150472,other
367685720,AIDAN DEVALL,,WDI3173,31.0,19.0,,1191,2019-05-09 00:34:37,2019-05-12 20:47:36,9.3,3.772879932829555,tug/towing
367688280,LOUISE CENAC,,WDI3433,31.0,21.0,,796,2019-05-12 00:54:01,2019-05-12 23:19:11,6.9,0.9361809045226132,tug/towing
367688580,MATTHEW,IMO8635461,WDI3464,31.0,20.0,7.0,3643,2019-05-08 23:20:59,2019-05-12 23:19:35,6.9,0.1840241559154543,tug/towing
367690010,CAPT PRIMEAUX,,WDI3600,31.0,23.0,,1466,2019-05-11 06:39:58,2019-05-12 23:17:58,8.8,1.3068212824010914,tug/towing
367690920,FREEPORT 1 1/2,,WDI3691,70.0,14.0,,97,2019-05-09 14:44:58,2019-05-09 17:00:08,8.3,0.609278350515464,cargo
367691950,ROY MICHAEL,,WDI3791,31.0,22.0,,1846,2019-05-08 23:22:35,2019-05-12 23:18:22,7.3,0.15677139761646802,tug/towing
367692120,KATHLEEN DUPRE,,WDI3806,31.0,22.0,,1948,2019-05-08 23:21:20,2019-05-12 23:17:09,9.3,0.5362936344969199,tug/towing
367692430,HIGMAN MARINER,,WDI3837,31.0,23.0,,2890,2019-05-08 23:21:00,2019-05-12 23:19:41,8.8,0.8650173010380623,tug/towing
367693670,FINLI RYANNE,,WDI3954,31.0,19.0,,2907,2019-05-08 23:21:08,2019-05-12 02:03:28,7.0,0.07299621603027176,tug/towing
367694730,TRITON,IMO9792395,WDI4059,31.0,22.0,,2388,2019-05-08 23:21:35,2019-05-12 23:19:47,11.0,0.846608040201005,tug/towing
367700670,TIFFANY LADY,IMO8938930,WDI4649,30.0,23.0,7.0,1992,2019-05-08 23:21:03,2019-05-12 23:17:42,9.0,2.4075803212851405,fishing
367701380,ST PHILLIP,,WDI4731,31.0,23.0,,989,2019-05-11 20:36:51,2019-05-12 23:19:01,5.6,2.0682507583417595,tug/towing
367702220,JOE B WARD,,WDI4808,31.0,21.0,8.0,1808,2019-05-09 15:22:49,2019-05-12 14:29:22,7.1,2.3154314159292038,tug/towing
367703560,RED GRIFFIN,,WDI4934,31.0,22.0,,1960,2019-05-08 23:21:56,2019-05-12 23:14:44,8.4,1.811887755102041,tug/towing
367703790,AMERICAN PROGRESS,,WDI4961,31.0,22.0,,1888,2019-05-08 23:21:10,2019-05-12 23:19:43,6.7,0.3203919491525424,tug/towing
367704390,"RAY ""CHIEF"" TONEY",,WDI5024,31.0,25.0,,3639,2019-05-08 23:21:49,2019-05-12 23:18:48,5.2,0.09266281945589447,tug/towing
367704410,CAPT JIMMY WARREN,,WDI5025,31.0,25.0,,712,2019-05-08 23:20:12,2019-05-09 23:25:51,9.9,2.5786516853932584,tug/towing
367706510,EDELWEISS,,WDI5235,37.0,,,283,2019-05-09 17:12:01,2019-05-10 19:21:27,8.9,6.237102473498233,sailing/pleasure
367708150,H DOUGLAS M,IMO9794161,WDI5400,31.0,22.0,,2203,2019-05-08 23:22:51,2019-05-12 23:19:13,11.9,0.9826146164321379,tug/towing
367709930,CAPT DAVID CARRIERE,,WDI5570,31.0,23.0,,698,2019-05-12 03:17:00,2019-05-12 23:19:10,7.6,1.824785100286533,tug/towing
367710770,CAPT BILL GUIDRY,,WDI5655,31.0,21.0,7.0,3506,2019-05-08 23:20:41,2019-05-12 23:19:11,7.4,0.20638904734740446,tug/towing
367714880,GOLDEN STAR,IMO8854718,WDI6066,30.0,21.0,6.0,2504,2019-05-08 23:21:07,2019-05-12 23:18:41,14.6,1.9113817891373803,fishing
367715930,NEPTUNE,IMO9794173,WDI6163,31.0,24.0,,2714,2019-05-08 23:20:12,2019-05-12 23:19:38,14.6,1.8973829708809438,tug/towing
367717450,LUCKY LILY,IMO8969757,WDI6317,30.0,26.0,7.0,1253,2019-05-11 07:15:36,2019-05-12 23:19:08,9.7,3.0171588188347966,fishing
367717930,LUCKY FOREVER,IMO8984135,WDI6363,30.0,25.0,7.0,27,2019-05-12 17:44:50,2019-05-12 21:41:20,6.6,2.9962962962962965,fishing
367717940,LUCKY III,IMO8939453,WDI6364,30.0,26.0,7.0,690,2019-05-10 11:28:16,2019-05-11 17:00:27,7.0,3.00768115942029,fishing
367719610,ZYANA K,IMO9794185,WDI6527,31.0,24.0,,2580,2019-05-08 23:20:30,2019-05-12 23:17:59,10.3,1.8994573643410855,tug/towing
367720970,LAWRENCE CAMPBELL,,WDI6665,31.0,,,897,2019-05-11 23:07:20,2019-05-12 23:19:29,9.0,2.244927536231884,tug/towing
367723120,OUR LOG,,WDI6875,37.0,,,789,2019-05-08 23:35:31,2019-05-12 23:14:34,0.1,0.003929024081115336,sailing/pleasure
367724690,TIMING,,WDI7031,37.0,,,523,2019-05-08 23:20:15,2019-05-12 23:12:40,6.4,0.17418738049713192,sailing/pleasure
367724770,LADY LAM,IMO8856364,WDI7038,30.0,24.0,7.0,1408,2019-05-08 23:22:48,2019-05-12 23:18:22,7.3,2.3043323863636362,fishing
367725060,AMERICAN LIFE,,WDI7069,31.0,23.0,,2494,2019-05-08 23:22:22,2019-05-12 23:19:40,7.6,1.1886527666399358,tug/towing
367725740,MR HAPPY,,WDI7139,37.0,,,663,2019-05-08 23:45:08,2019-05-12 22:33:37,5.5,0.21346749226006193,sailing/pleasure
367727780,PERSEVERANCE,IMO8970550,WDI7343,30.0,27.0,8.0,1715,2019-05-08 23:23:55,2019-05-12 23:17:56,8.7,2.521574344023324,fishing
367728680,MARK SHELL,,WDI7434,31.0,30.0,10.0,693,2019-05-12 03:21:52,2019-05-12 23:19:32,8.5,3.1268398268398268,tug/towing
367728730,CONCHO,,WDI7438,31.0,25.0,10.0,1049,2019-05-09 19:32:09,2019-05-10 22:43:54,7.6,2.536510962821735,tug/towing
367729220,LILA MAE,IMO8635590,WDI7486,31.0,26.0,9.0,278,2019-05-08 23:20:47,2019-05-09 07:01:16,8.0,6.130935251798562,tug/towing
367729730,MORNING LORD,IMO8940153,WDI7542,30.0,25.0,7.0,670,2019-05-11 14:00:20,2019-05-12 23:18:00,7.1,3.065820895522388,fishing
367730910,DAVID B,IMO9794197,WDI7661,31.0,24.0,,2840,2019-05-08 23:21:51,2019-05-12 23:18:34,11.5,2.0997535211267606,tug/towing
367735750,OCEANUS,IMO9794202,WDI8151,31.0,24.0,,2432,2019-05-08 23:20:42,2019-05-12 23:19:11,11.5,1.707483552631579,tug/towing
367737720,ANGELA CHERAMIE,IMO8983222,WDI8351,90.0,50.0,10.0,619,2019-05-11 21:08:57,2019-05-12 23:16:28,11.0,1.2421647819063004,other
367740050,AMERICAN RELIANCE,,WDI8580,31.0,,,1829,2019-05-08 23:20:37,2019-05-12 03:04:51,9.3,2.045872061235648,tug/towing
367740310,BUBBA-JOHN,,WDI8607,31.0,10.0,4.0,420,2019-05-09 12:14:35,2019-05-10 14:19:19,6.7,0.574047619047619,tug/towing
367740860,SCOUT,,WDI8661,31.0,23.0,10.0,3642,2019-05-08 23:20:33,2019-05-12 23:18:41,0.1,0.000356946732564525,tug/towing
367741510,HALLIE T,,WDI8725,31.0,,,3648,2019-05-08 23:20:32,2019-05-12 23:19:03,10.2,1.2179824561403507,tug/towing
367743160,WEBB CROSBY,,WDI8889,31.0,,,3030,2019-05-09 13:16:22,2019-05-12 23:18:03,7.0,0.9977887788778879,tug/towing
367743660,EVELYN JAMES,,WDI8937,31.0,,,1283,2019-05-11 11:31:48,2019-05-12 23:19:27,9.9,0.8744349181605613,tug/towing
367746670,ELEANOR HADLEY,,WDI9237,31.0,,,3737,2019-05-08 23:22:07,2019-05-12 23:19:17,6.9,0.15515119079475514,tug/towing
367746950,SAN ROBERTO,,WDI9265,31.0,,,2015,2019-05-08 23:22:41,2019-05-12 23:18:23,8.1,1.1494292803970223,tug/towing
367747120,CLARENCE NIXON,,WDI9282,31.0,26.0,10.0,1021,2019-05-11 00:03:57,2019-05-12 20:15:11,8.2,2.0519098922624877,tug/towing
367748030,LAURA B,IMO9794214,WDI9376,31.0,,,2648,2019-05-08 23:21:50,2019-05-12 23:19:53,12.2,1.4737537764350452,tug/towing
367751210,LUCKY COOPER,IMO0000000,WDI9694,30.0,0.0,0.0,1275,2019-05-10 20:24:39,2019-05-12 23:17:46,8.3,2.015843137254902,fishing
367754480,POSEIDON,IMO9794226,WDJ2022,31.0,,,2461,2019-05-08 23:22:36,2019-05-12 23:19:41,11.1,1.462210483543275,tug/towing
367755150,MISCHIEF,,WDJ2089,37.0,11.0,,1018,2019-05-10 01:15:01,2019-05-12 23:18:42,0.2,0.012082514734774067,sailing/pleasure
367755990,CROSBY DREDGER,,WDJ2183,90.0,,,3618,2019-05-08 23:20:36,2019-05-12 23:19:49,1.1,0.10909342177998894,other
367756130,MASTER STARS JOHNNY,IMO8970196,WDJ2197,30.0,25.0,7.0,236,2019-05-08 23:21:17,2019-05-09 07:40:16,4.0,2.893220338983051,fishing
367756630,MISS ELLIE,,WDJ2256,31.0,,,2307,2019-05-09 20:02:29,2019-05-12 08:05:59,11.0,1.853272648461205,tug/towing
367757340,BOURNE FREE,,WDJ2327,37.0,14.0,,1114,2019-05-08 23:33:36,2019-05-12 23:17:34,0.2,0.011041292639138242,sailing/pleasure
367761630,IWO JIMA,,WDJ2778,,,,254,2019-05-09 13:16:42,2019-05-12 22:42:41,5.2,1.3015748031496064,unknown
367761640,NORMANDY,,WDJ2779,,,,1826,2019-05-09 04:27:56,2019-05-12 23:19:53,7.4,1.0094194961664842,unknown
367761690,CONSTITUTION II,,WDJ2784,,7.0,,57,2019-05-09 20:23:48,2019-05-09 22:25:54,0.0,0.0,unknown
367763180,LA VIE DOUX,,WDJ2939,37.0,,,3,2019-05-11 15:12:17,2019-05-11 15:21:13,0.1,0.06666666666666667,sailing/pleasure
367763490,C J STUDDERT,,WDJ2968,31.0,,,1880,2019-05-08 23:21:59,2019-05-12 23:19:41,7.7,0.27191489361702126,tug/towing
367766110,JENNY,IMO8034344,WDJ3242,30.0,25.0,6.0,465,2019-05-09 14:41:37,2019-05-10 20:00:24,10.7,2.4305376344086023,fishing
367766740,SHAWN WILLIAMS,,WDJ3307,31.0,,,380,2019-05-11 06:11:24,2019-05-11 17:05:54,7.2,3.106578947368421,tug/towing
367766820,NANCY MARIAN,,WDJ3314,31.0,,,2545,2019-05-08 23:20:09,2019-05-12 23:19:32,8.8,1.1412573673870334,tug/towing
367767220,SYDNEY RAE,IMO8635825,WDJ3355,31.0,17.0,8.0,1083,2019-05-10 09:19:58,2019-05-12 20:27:02,8.8,5.976361957525392,tug/towing
367767260,(no name broadcast),,,,,,3690,2019-05-08 23:21:06,2019-05-12 23:19:57,10.1,1.3207046070460704,unknown
367767480,HOLT T,IMO8978203,WDJ3382,60.0,29.0,7.0,3477,2019-05-08 23:20:14,2019-05-12 23:14:42,13.9,1.5520851308599368,passenger
367769080,BLUE OCEAN,IMO8940268,WDJ3554,30.0,23.0,7.0,45,2019-05-12 14:09:03,2019-05-12 23:19:05,8.7,5.2,fishing
367770940,DAMON BOY,IMO0000000,WDJ3744,30.0,27.0,14.0,189,2019-05-10 12:54:55,2019-05-11 17:06:41,10.2,6.2333333333333325,fishing
367772180,JOE LOCHRICO,,WDJ3868,31.0,,,2419,2019-05-08 23:22:55,2019-05-12 23:19:03,9.6,1.0425795783381562,tug/towing
367773320,VICTORINE CENAC,,WDJ3989,31.0,,,2811,2019-05-09 11:39:02,2019-05-12 22:08:14,8.6,1.991897731364782,tug/towing
367773360,LT DICK DOWLING,,WDJ3993,31.0,,,3031,2019-05-08 23:22:38,2019-05-12 23:18:53,7.6,0.7594193335532828,tug/towing
367773520,IMAGINE,,WDJ4007,37.0,,,1573,2019-05-08 23:22:29,2019-05-12 23:18:01,4.6,0.19275270184361093,sailing/pleasure
367775000,MAERSK OHIO,IMO9298698,KABP,70.0,292.0,32.0,983,2019-05-10 18:57:56,2019-05-12 23:19:32,13.6,0.40315361139369277,cargo
367777250,CURIOSITY,IMO0000000,WDJ4390,36.0,14.0,7.0,1509,2019-05-08 23:22:10,2019-05-12 23:19:10,0.2,0.007554671968190855,sailing/pleasure
367778540,SOLANA,,WDJ4528,37.0,,,1464,2019-05-09 02:22:58,2019-05-12 15:59:58,0.4,0.027117486338797816,sailing/pleasure
367779890,MAVERICK J,,WDJ4664,31.0,20.0,,864,2019-05-11 22:13:48,2019-05-12 23:19:38,7.9,1.9189814814814814,tug/towing
367780640,LENNY J,,WDJ4738,31.0,22.0,8.0,2017,2019-05-09 04:21:45,2019-05-12 23:19:13,9.6,2.968368864650471,tug/towing
367784160,MISS ANGELICA,,WDJ5086,31.0,16.0,6.0,219,2019-05-10 13:20:49,2019-05-10 18:35:48,8.3,3.921917808219178,tug/towing
367785310,FOOTLOOSE,,WDJ5197,37.0,14.0,4.0,1696,2019-05-08 23:20:33,2019-05-12 23:18:34,0.3,0.010849056603773586,sailing/pleasure
367788780,MISS GABRIELLA,,WDJ5552,31.0,26.0,9.0,2957,2019-05-08 23:20:57,2019-05-12 03:00:07,9.6,0.7801826175177545,tug/towing
367792310,KYLIE BROWN,,WDJ5894,31.0,,,61,2019-05-12 21:42:48,2019-05-12 23:18:59,7.8,7.049180327868853,tug/towing
367795490,MASTER PETER,IMO8708490,WDJ6212,30.0,24.0,7.0,2101,2019-05-08 23:20:01,2019-05-12 23:19:50,8.7,2.326225606853879,fishing
367795630,CAPT ANDY,IMO8984202,WDJ6224,30.0,27.0,8.0,246,2019-05-09 15:07:17,2019-05-11 16:30:06,0.1,0.0020325203252032522,fishing
367796070,BRYCE MORGAN,,WDJ6268,31.0,,,1870,2019-05-08 23:22:54,2019-05-12 11:07:41,8.9,1.3945454545454545,tug/towing
367796610,HOUSTON,IMO9833204,WDJ6320,90.0,,,3418,2019-05-08 23:20:28,2019-05-12 23:19:26,18.9,7.7663253364540665,other
367798350,LUCAS PAUL DEVALL,,WDJ6498,31.0,,,700,2019-05-11 17:25:24,2019-05-12 23:18:21,6.7,2.069714285714286,tug/towing
367798550,MARY ENA DEVALL,,WDJ6516,31.0,19.0,8.0,1396,2019-05-11 01:05:14,2019-05-12 16:02:43,8.2,4.324140401146132,tug/towing
367799320,MALLARD,,WDJ6592,31.0,17.0,8.0,3405,2019-05-09 00:24:25,2019-05-12 23:19:21,8.9,1.451776798825257,tug/towing
367799330,PINTAIL,,WDJ6593,31.0,17.0,8.0,2557,2019-05-08 23:20:51,2019-05-12 23:17:12,8.8,0.4806804849432929,tug/towing
367799820,DR RAY,,WDJ6645,31.0,26.0,9.0,1311,2019-05-08 23:20:06,2019-05-10 10:41:36,8.2,1.8600305110602593,tug/towing
367812300,(no name broadcast),,,,,,997,2019-05-11 19:40:39,2019-05-12 23:19:38,6.2,2.3299899699097293,unknown
367843900,JB BLOOMER,,WDG9108,52.0,15.0,9.0,3588,2019-05-08 23:20:16,2019-05-12 23:19:00,9.2,1.3957636566332219,tug/towing
368001250,GRAND ANN,,WDJ6890,31.0,17.0,7.0,3661,2019-05-08 23:20:37,2019-05-12 23:18:27,8.4,0.43102977328598746,tug/towing
368001440,BAYOU CITY,,WDJ6909,,,,2379,2019-05-08 23:20:49,2019-05-12 23:19:54,19.6,4.3854140395124,unknown
368003350,SEA ANGEL,IMO8958461,WDJ7104,30.0,24.0,7.0,3077,2019-05-08 23:22:57,2019-05-12 23:17:49,8.3,2.654566135846604,fishing
368007340,GREEN KNIGHT,,WDJ7504,90.0,29.0,7.0,2582,2019-05-08 23:20:07,2019-05-12 23:19:21,13.1,3.025058094500387,other
368009220,MISS THANH THUY,IMO8970055,WDJ7695,30.0,25.0,7.0,162,2019-05-08 23:33:45,2019-05-09 22:45:00,5.2,2.9111111111111114,fishing
368009570,HERMANATOR J,,WDJ7730,31.0,26.0,9.0,1653,2019-05-08 23:20:31,2019-05-12 23:18:14,7.5,0.38408953418027825,tug/towing
368018210,MISS JULIE,IMO0000000,WDJ8618,30.0,22.0,8.0,1050,2019-05-09 01:15:29,2019-05-12 23:18:16,10.5,3.3504761904761904,fishing
368019260,LAST TRADE,IMO0000000,WDJ8730,37.0,0.0,0.0,1264,2019-05-08 23:21:23,2019-05-12 23:18:46,0.1,0.0060917721518987345,sailing/pleasure
368019410,CHALLENGER,IMO0000000,WDJ8746,30.0,26.0,8.0,1452,2019-05-09 10:20:07,2019-05-12 23:05:37,10.5,1.4581955922865015,fishing
368026720,KOA,IMO0000000,WDJ9504,36.0,16.0,5.0,1432,2019-05-08 23:21:26,2019-05-12 23:18:06,0.3,0.015712290502793297,sailing/pleasure
368027210,FANNIN,,WDJ9556,57.0,205.0,16.0,33,2019-05-12 22:24:03,2019-05-12 23:19:42,5.7,2.515151515151515,code 57
368028000,CG CYPRESS,IMO9259941,NCPI,90.0,68.0,14.0,1564,2019-05-08 23:21:59,2019-05-12 23:19:28,0.2,0.04648337595907929,other
368028660,MISS ADVENTURE,IMO0000000,,37.0,16.0,5.0,763,2019-05-08 23:22:22,2019-05-12 23:16:27,0.5,0.023722149410222805,sailing/pleasure
368029450,(no name broadcast),,,,,,2370,2019-05-08 23:20:24,2019-05-12 23:19:00,13.4,2.66,unknown
368032120,(no name broadcast),,,,,,2001,2019-05-08 23:22:01,2019-05-12 23:18:52,10.5,1.1397301349325337,unknown
368033820,(no name broadcast),,,,,,2138,2019-05-08 23:21:12,2019-05-12 23:19:57,8.4,1.1573900841908324,unknown
368040580,CAPT JOHNNY,IMO0000000,WDK2963,30.0,27.0,8.0,945,2019-05-11 12:13:39,2019-05-12 20:21:13,8.5,3.4491005291005292,fishing
368044430,(no name broadcast),,,,,,3724,2019-05-08 23:21:15,2019-05-12 23:19:35,8.0,0.09965091299677767,unknown
368044460,COLLINGSWORTH,,WDK3357,57.0,202.0,17.0,718,2019-05-08 23:21:19,2019-05-09 20:39:49,8.5,3.474373259052925,code 57
368046620,LAUREL BETH,,WDK3577,57.0,10.0,4.0,338,2019-05-10 13:24:20,2019-05-10 21:31:32,7.6,0.6707100591715977,code 57
368046870,PHAT TAI,IMO0000000,WDK3604,30.0,25.0,8.0,2223,2019-05-08 23:20:01,2019-05-12 23:19:45,10.1,1.8369770580296896,fishing
368047580,MARK E. FLYNN,IMO101211510,WDK3678,57.0,120.0,30.0,2421,2019-05-08 23:22:45,2019-05-12 06:48:28,8.8,1.0946716232961586,code 57
368049190,LAURYAN II,IMO0000000,WDK3837,37.0,13.0,8.0,80,2019-05-11 22:00:59,2019-05-12 18:39:45,7.8,2.355,sailing/pleasure
368051610,GAMBLE,IMO0000000,WDK4078,36.0,12.0,3.0,145,2019-05-09 12:08:53,2019-05-10 13:51:46,9.3,2.604137931034483,sailing/pleasure
368053710,SILAS JAMES,,WDK4290,52.0,23.0,8.0,449,2019-05-12 10:51:51,2019-05-12 23:18:41,7.8,3.7456570155902003,tug/towing
368053750,SAM L.HAYS,,WDK4295,52.0,15.0,8.0,3431,2019-05-08 23:21:24,2019-05-12 17:19:44,9.8,2.542232585252113,tug/towing
368054310,CAPT. N,IMO0000000,WDK4352,30.0,24.0,8.0,440,2019-05-10 17:37:18,2019-05-12 23:18:59,6.3,1.095909090909091,fishing
368054920,THIRD WISH,IMO0000000,WDK4413,36.0,14.0,4.0,134,2019-05-09 17:50:38,2019-05-09 21:34:08,6.2,4.304477611940298,sailing/pleasure
368056310,(no name broadcast),,,,,,1697,2019-05-08 23:21:29,2019-05-12 23:16:05,6.4,0.2674130819092516,unknown
368060790,MUDD TUG 15,IMO0000000,WDK5012,99.0,8.0,5.0,1787,2019-05-08 23:21:47,2019-05-12 23:18:01,7.1,0.4961387800783436,other
368060940,STRESS RELIEF,IMO0000000,WDK5025,37.0,22.0,6.0,1733,2019-05-08 23:20:47,2019-05-12 23:17:46,0.1,0.0009232544720138489,sailing/pleasure
368061380,FIRST LIGHT,IMO0000000,WDK5070,36.0,16.0,5.0,22,2019-05-08 23:20:23,2019-05-09 00:38:20,0.1,0.022727272727272728,sailing/pleasure
368063940,(no name broadcast),,,,,,3688,2019-05-08 23:21:20,2019-05-12 23:18:29,9.1,0.7613882863340564,unknown
368064130,(no name broadcast),,,,,,3637,2019-05-08 23:20:00,2019-05-12 23:19:35,7.7,1.8870772614792413,unknown
368065260,PRINCESS ARIEL,IMO0000000,WDK5485,30.0,0.0,0.0,1265,2019-05-08 23:20:25,2019-05-11 16:56:27,0.1,0.00015810276679841898,fishing
368065590,M/V VICTORIA,,WDK5516,90.0,16.0,6.0,392,2019-05-11 19:14:05,2019-05-12 06:22:45,7.7,5.73469387755102,other
368067070,ADVENTURE,IMO0000000,WDK5663,37.0,16.0,6.0,1221,2019-05-08 23:23:13,2019-05-12 23:17:11,0.4,0.017936117936117938,sailing/pleasure
368069320,BLUE GOOSE,IMO0000000,,36.0,10.0,3.0,999,2019-05-08 23:24:28,2019-05-12 23:18:30,0.2,0.0018018018018018018,sailing/pleasure
368071410,(no name broadcast),,,,,,3576,2019-05-08 23:21:00,2019-05-12 23:19:53,9.5,1.9397371364653244,unknown
368072050,(no name broadcast),,,,,,1967,2019-05-08 23:21:32,2019-05-12 23:17:50,8.2,0.40274529740721915,unknown
368072120,SONGLINE,IMO0000000,WDK6190,36.0,13.0,4.0,42,2019-05-11 19:38:12,2019-05-11 23:02:12,0.0,0.0,sailing/pleasure
368074580,KELLY II,IMO0000000,,37.0,0.0,0.0,1189,2019-05-08 23:22:39,2019-05-12 23:19:38,0.2,0.012026913372582002,sailing/pleasure
368075180,RICHARD O,IMO0000001,WDK6504,31.0,22.0,9.0,3618,2019-05-08 23:21:18,2019-05-12 23:18:08,7.6,0.5326423438363737,tug/towing
368075390,(no name broadcast),,,,,,1604,2019-05-09 08:03:41,2019-05-12 23:18:15,21.1,4.409476309226933,unknown
368077970,(no name broadcast),,,,,,3681,2019-05-08 23:20:17,2019-05-12 23:18:27,7.8,0.23920130399348002,unknown
368078670,(no name broadcast),,,,,,2451,2019-05-09 16:14:27,2019-05-12 23:18:46,11.2,2.3323541411668707,unknown
368080480,CHANGE OF PLANS,IMO0000000,WDK7026,36.0,15.0,5.0,1336,2019-05-08 23:21:41,2019-05-12 23:15:43,0.1,0.0033682634730538923,sailing/pleasure
368080920,MUDD TUG 7,IMO0000000,WDK7071,52.0,10.0,4.0,1220,2019-05-08 23:25:45,2019-05-12 23:18:50,3.6,0.014672131147540983,tug/towing
368081680,LUCKY BRANDON,IMO0000000,WDK7154,30.0,27.0,8.0,1075,2019-05-08 23:21:10,2019-05-12 00:34:34,12.8,1.6486511627906977,fishing
368083410,(no name broadcast),,,,,,2180,2019-05-08 23:20:47,2019-05-12 23:18:12,7.7,0.0896788990825688,unknown
368083560,TOM GREEN,,WDK7348,57.0,113.0,16.0,2460,2019-05-08 23:20:24,2019-05-12 05:31:14,10.8,1.3842276422764226,code 57
368084080,(no name broadcast),,,,,,2342,2019-05-08 23:20:30,2019-05-12 23:18:16,8.9,1.3959863364645602,unknown
368086360,BALI HAI,IMO0000000,WDK7643,37.0,20.0,6.0,1571,2019-05-08 23:20:40,2019-05-12 23:17:09,1.1,0.0009548058561425844,sailing/pleasure
368086920,HYDRO THERAPY,IMO0000000,WDK7696,36.0,15.0,5.0,1549,2019-05-08 23:22:19,2019-05-12 23:19:19,0.2,0.010910264686894771,sailing/pleasure
368090980,(no name broadcast),,,,,,2133,2019-05-08 23:20:56,2019-05-12 23:17:30,7.5,1.7767463666197845,unknown
368148000,JULIE,IMO9187552,WDG9718,31.0,38.0,11.0,399,2019-05-08 23:22:11,2019-05-10 23:05:19,11.6,3.6265664160401,tug/towing
368186456,SHIRLEY MAHONE,IMO1631271,WD,16.0,22.0,0.0,3650,2019-05-08 23:20:33,2019-05-12 23:19:22,0.3,0.0003835616438356164,code 16
368424000,CROSBY GUARDIAN,IMO9572288,WDH3357,31.0,36.0,12.0,492,2019-05-09 12:37:37,2019-05-10 02:56:21,12.2,3.6191056910569106,tug/towing
368445000,OVERSEAS NIKISKI,IMO9353577,WDBH,80.0,183.0,32.0,1306,2019-05-10 02:02:38,2019-05-12 23:18:25,9.4,0.7774119448698316,tanker
368523936,LYNN R,,WDF6546,0.0,0.0,0.0,1385,2019-05-09 11:21:24,2019-05-12 23:18:44,8.5,0.972490974729242,code 0
368611000,NEPTUNE,,WDG5258,90.0,32.0,7.0,1657,2019-05-08 23:21:56,2019-05-12 23:18:34,0.1,0.0012070006035003018,other
368926309,R/V MANTA,,WZ 2603,0.0,30.0,12.0,82,2019-05-10 17:39:52,2019-05-10 21:18:06,10.9,1.274390243902439,code 0
369020000,TINA PYNE,IMO9758959,WDI5698,31.0,41.0,13.0,1553,2019-05-08 23:20:25,2019-05-12 23:18:35,13.9,0.4155827430779137,tug/towing
369093000,KOLT LEVI,IMO9207900,WDI7784,90.0,62.0,14.0,746,2019-05-10 19:14:12,2019-05-11 14:59:22,8.1,0.2316353887399464,other
369109000,LIBERTY,IMO9601821,WDG3575,31.0,43.0,18.0,1643,2019-05-09 13:27:16,2019-05-12 23:18:57,14.8,0.6851491174680463,tug/towing
369371000,(no name broadcast),,,,,,1805,2019-05-08 23:21:58,2019-05-12 23:19:22,0.8,0.10570637119113574,unknown
369385000,AET PARTNERSHIP,IMO9643518,WDG2905,90.0,56.0,14.0,222,2019-05-08 23:21:20,2019-05-09 23:41:35,12.2,4.407657657657658,other
369526000,SEA POWER,IMO9762352,WDI6117,31.0,43.0,,1477,2019-05-08 23:21:48,2019-05-12 23:18:48,0.4,0.025050778605280974,tug/towing
369990119,CG29119,,,90.0,8.0,,144,2019-05-10 22:15:19,2019-05-11 01:39:26,39.5,13.63888888888889,other
369990176,CG29176,,,90.0,8.0,,324,2019-05-09 12:21:04,2019-05-12 18:42:02,31.3,9.191666666666666,other
370045000,CHEMICAL CHALLENGER,IMO9743758,HOFB,80.0,134.0,21.0,1649,2019-05-08 23:21:23,2019-05-12 23:18:31,10.7,1.0296543359611887,tanker
371154000,CARNIVAL FREEDOM,IMO9333149,3EBL5,60.0,290.0,35.0,289,2019-05-12 10:12:33,2019-05-12 22:51:18,17.0,5.390311418685121,passenger
371557000,ALBERT III,IMO9794288,3EDZ4,80.0,,,666,2019-05-11 15:06:05,2019-05-12 23:18:46,11.5,1.6270270270270268,tanker
372279000,CRANE ISLAND,IMO9478482,3EXS3,70.0,177.0,28.0,1907,2019-05-08 23:20:44,2019-05-12 23:14:37,13.2,1.443838489774515,cargo
373105000,(no name broadcast),,,,,,1165,2019-05-08 23:21:35,2019-05-11 15:24:48,11.1,0.956824034334764,unknown
373129000,GAS POWER,IMO9522415,3EVE2,80.0,230.0,36.0,1864,2019-05-08 23:22:47,2019-05-12 23:19:18,13.5,1.1812231759656653,tanker
373215000,GAS SUMMIT,IMO9693549,3FAW3,80.0,225.0,36.0,482,2019-05-08 23:21:39,2019-05-09 18:18:11,13.7,5.240248962655602,tanker
373442000,EMERALD STAR,IMO9623738,3EDE2,70.0,228.0,32.0,1789,2019-05-08 23:21:50,2019-05-12 23:19:21,1.1,0.10435997764114031,cargo
373474000,FG ROTTERDAM,IMO9485863,3EYW9,80.0,145.0,23.0,569,2019-05-11 13:43:22,2019-05-12 23:19:29,10.5,0.5073813708260105,tanker
374033000,THORCO LOGOS,IMO9742405,3EHH2,70.0,131.0,,763,2019-05-08 23:21:53,2019-05-10 09:53:51,15.2,3.0903014416775885,cargo
374275000,IYO SEA,IMO9722455,3FAO8,70.0,179.0,,270,2019-05-08 23:20:55,2019-05-09 23:00:32,15.1,8.213703703703702,cargo
417222332,SAFMARINE LINYATI,IMO9500089,4RBS,70.0,139.0,21.0,184,2019-05-12 14:23:53,2019-05-12 23:17:09,11.7,1.0293478260869566,cargo
419488000,JAG LATA,IMO9237618,AUAW,80.0,243.0,42.0,569,2019-05-08 23:20:18,2019-05-09 23:33:16,14.4,4.066256590509666,tanker
477023800,UNITY VENTURE,IMO9773739,VRPW9,,,,1469,2019-05-09 13:47:34,2019-05-12 23:16:44,6.2,0.273927842069435,unknown
477100500,(no name broadcast),,,,,,1273,2019-05-10 04:00:04,2019-05-12 23:18:31,15.7,0.4729772191673213,unknown
477328300,SOPHIE SCHULTE,IMO9265756,VRJH3,80.0,248.0,44.0,1783,2019-05-08 23:20:13,2019-05-12 23:19:42,10.8,0.44453168816601235,tanker
477832300,COSCO VALENCIA,IMO9484390,VRLY7,70.0,261.0,32.0,1277,2019-05-10 05:59:59,2019-05-12 15:53:35,17.4,2.8060297572435395,cargo
477932400,BOCHEM MUMBAI,IMO9565637,VRHJ8,80.0,170.0,26.0,1878,2019-05-08 23:20:20,2019-05-12 23:19:09,11.9,1.0060170394036207,tanker
503058230,GOIN' TROPPO,IMO0000000,861819,36.0,13.0,8.0,1385,2019-05-08 23:23:34,2019-05-12 23:17:37,0.2,0.0192057761732852,sailing/pleasure
538002284,SEAWAYS ARIADMAR,IMO9273624,V7HP6,80.0,183.0,32.0,1895,2019-05-08 23:21:30,2019-05-12 23:19:52,11.6,1.1333509234828496,tanker
538002779,AINAZI,IMO9323405,V7LO7,80.0,195.0,32.0,196,2019-05-08 23:20:14,2019-05-09 23:17:21,12.5,9.280102040816328,tanker
538002845,YASA GOLDEN DARDANEL,IMO9339985,V7ME9,80.0,245.0,42.0,1013,2019-05-10 19:07:18,2019-05-12 23:19:19,10.7,0.18282329713721618,tanker
538002937,OLMECA,IMO9291028,V7NB3,80.0,130.0,22.0,1706,2019-05-08 23:22:24,2019-05-12 23:15:48,5.5,0.06436107854630715,tanker
538002973,GENCO PROVENCE,IMO9316220,V7JU2,70.0,189.0,32.0,768,2019-05-08 23:22:29,2019-05-10 05:11:03,13.0,4.575911458333334,cargo
538003191,MARVEL,IMO9364930,V7OZ3,80.0,182.0,27.0,1879,2019-05-08 23:21:53,2019-05-12 23:17:20,15.1,1.077209797657082,tanker
538003308,BALTIC LEOPARD,IMO9387334,V7PX7,70.0,189.0,32.0,1663,2019-05-08 23:21:25,2019-05-12 23:18:32,1.1,0.2419122068550812,cargo
538003321,EVERGLADES,IMO9394935,V7QA3,80.0,249.0,44.0,1884,2019-05-08 23:20:36,2019-05-12 23:19:47,12.5,0.8333333333333334,tanker
538003677,NAVIG8 SUCCESS,IMO9418133,V7SL7,80.0,183.0,32.0,1892,2019-05-08 23:21:01,2019-05-12 23:19:17,10.1,0.6124735729386892,tanker
538003961,ALPINE LEGEND,IMO9478705,V7UJ5,80.0,183.0,32.0,560,2019-05-08 23:20:02,2019-05-10 02:31:58,11.7,2.038392857142857,tanker
538004118,FREE SPIRIT,IMO9409259,V7VG7,80.0,251.0,44.0,1560,2019-05-08 23:20:58,2019-05-12 23:18:06,0.5,0.1469871794871795,tanker
538004199,EAGLE TEXAS,IMO9518907,V7VS2,80.0,243.0,42.0,1637,2019-05-08 23:20:56,2019-05-12 23:19:38,0.5,0.1357971899816738,tanker
538004638,EAGLE LOUISIANA,IMO9518892,V7YE2,80.0,243.0,42.0,527,2019-05-08 23:21:01,2019-05-09 19:37:07,12.4,4.4280834914611,tanker
538005294,TWINKLE STAR,IMO9363780,V7CO4,80.0,179.0,32.0,1960,2019-05-08 23:21:33,2019-05-12 23:18:31,9.1,1.1361734693877552,tanker
538005362,STAR FIGHTER,IMO9642198,V7DB4,70.0,199.0,32.0,830,2019-05-11 04:42:49,2019-05-12 23:19:54,13.2,1.7321686746987952,cargo
538005505,WILD ROSE,IMO9243564,V7EO8,70.0,189.0,32.0,491,2019-05-08 23:20:52,2019-05-09 17:42:47,11.1,4.665173116089613,cargo
538005532,STI MILWAUKEE,IMO9686974,V7ET6,80.0,183.0,32.0,1796,2019-05-08 23:22:56,2019-05-12 23:17:18,0.0,0.0,tanker
538005575,RIDGEBURY LINDY B,IMO9296418,V7FA4,80.0,274.0,48.0,2010,2019-05-08 23:20:58,2019-05-12 23:17:37,15.1,1.1380597014925373,tanker
538005609,STI SENECA,IMO9704477,V7FK6,80.0,183.0,32.0,1879,2019-05-08 23:20:21,2019-05-12 23:19:42,12.5,1.3484300159659393,tanker
538005770,NAVIG8 ALMANDINE,IMO9714068,V7GV9,80.0,184.0,27.0,749,2019-05-08 23:22:07,2019-05-10 15:55:13,14.4,0.6865153538050734,tanker
538005836,STI BLACK HAWK,IMO9704453,V7HK6,80.0,183.0,,1930,2019-05-08 23:21:20,2019-05-12 23:18:30,12.4,1.4162176165803109,tanker
538005911,SILVER HANNAH,IMO9682409,V7IB4,80.0,183.0,32.0,1783,2019-05-09 06:00:10,2019-05-12 23:17:57,10.9,2.53157599551318,tanker
538006178,QUARTZ,IMO9681170,V7KN5,80.0,183.0,32.0,21,2019-05-11 14:35:37,2019-05-12 05:47:37,0.5,0.19523809523809527,tanker
538006271,FAIRCHEM STEED,IMO9311256,V7LF9,80.0,145.0,23.0,1588,2019-05-08 23:21:38,2019-05-12 23:19:06,1.1,0.3258816120906801,tanker
538006319,CTG MAGNESIUM,IMO9739317,V7LR5,,,,1335,2019-05-08 23:22:11,2019-05-12 23:19:38,1.3,0.06157303370786517,unknown
538006477,INTERLINK AFFINITY,IMO9754082,V7DT3,70.0,179.0,,1908,2019-05-08 23:22:00,2019-05-12 23:18:24,14.5,0.9778301886792453,cargo
538006502,MUHUT SILVER,IMO9718789,V7NT4,80.0,183.0,,1051,2019-05-10 11:28:04,2019-05-12 23:18:15,12.9,0.3577545195052331,tanker
538006568,CHEMBULK HOUSTON,IMO9285469,V7OP3,80.0,135.0,22.0,1887,2019-05-08 23:20:36,2019-05-12 23:17:36,1.3,0.10196078431372549,tanker
538006592,CHEMBULK BARCELONA,IMO9278662,V7OV2,80.0,174.0,27.0,1710,2019-05-08 23:20:22,2019-05-12 23:18:39,0.9,0.1447953216374269,tanker
538006974,ETHANE CRYSTAL,IMO9752278,V7TM2,80.0,,,1791,2019-05-08 23:20:35,2019-05-12 23:16:34,5.2,0.08218872138470129,tanker
538007234,(no name broadcast),,,,,,1712,2019-05-08 23:20:26,2019-05-12 19:26:28,14.8,2.0834696261682244,unknown
538007298,INDIGO BREEZE,IMO9760160,V7FC8,,,,40,2019-05-11 23:34:59,2019-05-12 00:33:29,4.6,3.2924999999999995,unknown
538007361,(no name broadcast),,,,,,142,2019-05-12 16:49:02,2019-05-12 23:18:30,12.8,3.806338028169014,unknown
538007646,SEA JAGUAR,IMO9482627,V7YV4,80.0,250.0,44.0,1683,2019-05-08 23:21:39,2019-05-12 23:18:38,0.4,0.10053475935828877,tanker
538007911,CAPE TAURA,IMO9407251,V7MT6,89.0,229.0,32.0,1751,2019-05-08 23:21:13,2019-05-12 23:18:22,0.9,0.21010850942318676,tanker
538008010,ASSAY,IMO9370422,V7RP5,70.0,180.0,28.0,1861,2019-05-08 23:21:17,2019-05-12 23:17:27,11.3,0.4204728640515852,cargo
538008072,(no name broadcast),,,,,,966,2019-05-10 17:47:48,2019-05-12 23:17:49,4.1,0.20900621118012422,unknown
538008142,(no name broadcast),,,,,,1833,2019-05-08 23:22:25,2019-05-12 23:18:40,12.3,0.452100381887616,unknown
538008202,(no name broadcast),,,,,,1854,2019-05-08 23:21:54,2019-05-12 23:17:49,15.2,1.4640237324703345,unknown
538008263,(no name broadcast),,,,,,1334,2019-05-10 00:19:11,2019-05-12 23:18:51,12.2,0.2901799100449775,unknown
538008272,ANDIAMO,IMO9512757,V7A2175,80.0,180.0,32.0,1920,2019-05-08 23:20:37,2019-05-12 23:19:16,11.1,0.8963541666666667,tanker
538008332,YANNIS P.,IMO9411343,V7A2246,80.0,274.0,48.0,1707,2019-05-09 13:08:07,2019-05-12 23:18:47,16.0,1.6016988869361453,tanker
538070716,LADY ARDEN,IMO0000000,V7TU5,37.0,0.0,0.0,901,2019-05-08 23:59:04,2019-05-12 23:08:07,29.3,0.03695893451720311,sailing/pleasure
538090158,CAPE BAXLEY,IMO9248825,V7EQ2,80.0,274.0,48.0,1790,2019-05-08 23:21:38,2019-05-12 23:16:18,11.0,0.42324022346368717,tanker
548942000,BRISTOL TRADER,IMO9737101,DUIJ,80.0,179.0,,512,2019-05-08 23:22:16,2019-05-10 01:54:25,13.8,4.291015625,tanker
548952000,BENJAMIN CONFIDENCE,IMO9713234,DUIT,70.0,,,257,2019-05-12 10:47:11,2019-05-12 23:17:29,9.7,1.488715953307393,cargo
563011200,HISUI,IMO9405875,9V5325,81.0,226.0,37.0,466,2019-05-08 23:22:48,2019-05-09 17:38:12,12.9,4.81695278969957,tanker
563037200,PLOVER PACIFIC,IMO9399911,9V2969,80.0,183.0,32.0,833,2019-05-11 00:35:22,2019-05-12 23:17:26,11.5,0.5751201923076923,tanker
563045300,(no name broadcast),,,,,,1555,2019-05-09 05:03:26,2019-05-12 23:13:40,15.0,1.847717041800643,unknown
563074100,EAGLE BAY,IMO9374272,9V6194,80.0,183.0,32.0,2013,2019-05-08 23:21:30,2019-05-12 23:15:40,13.0,1.2489816194734227,tanker
563326000,EAGLE KINABALU,IMO9422196,9V8779,80.0,243.0,42.0,231,2019-05-12 11:56:33,2019-05-12 23:19:51,9.7,0.7822510822510822,tanker
563353000,PHOENIX ADMIRAL,IMO9482603,9V8776,80.0,249.0,44.0,1936,2019-05-08 23:20:55,2019-05-12 23:17:25,12.1,1.1771694214876034,tanker
563847000,CEYLON,IMO9242156,9VMU6,80.0,179.0,32.0,1783,2019-05-08 23:20:32,2019-05-12 23:11:46,12.1,0.49966348850252384,tanker
563944000,ALPINE ETERNITY,IMO9430272,9VGA8,80.0,183.0,32.0,502,2019-05-11 20:59:16,2019-05-12 23:19:59,11.8,0.9653386454183267,tanker
564364000,TRANSCENDEN TIME,IMO9437505,9V8748,70.0,179.0,28.0,1975,2019-05-08 23:22:39,2019-05-12 23:19:11,14.6,1.4102784810126583,cargo
564864000,PAC ALTAIR,IMO9265902,S6DU5,70.0,178.0,27.0,1380,2019-05-10 03:52:49,2019-05-12 23:11:38,13.2,1.4681884057971013,cargo
565028000,BOW SEA,IMO9215282,9VJY8,80.0,182.0,32.0,1753,2019-05-08 23:20:37,2019-05-12 23:17:10,0.3,0.023502567027952084,tanker
565153000,ADVANCE II,IMO9289788,9VJY6,80.0,183.0,32.0,694,2019-05-08 23:21:48,2019-05-10 05:32:11,11.9,3.2619596541786744,tanker
565380000,(no name broadcast),,,,,,732,2019-05-09 07:07:00,2019-05-10 12:22:00,15.5,4.7775956284153,unknown
565396000,BOW FIRDA,IMO9250751,S6BK2,80.0,183.0,32.0,1871,2019-05-08 23:20:15,2019-05-12 20:39:16,14.6,2.2203634420096208,tanker
565509000,CRIMSON RAY,IMO9347152,S6BB8,89.0,144.0,25.0,2039,2019-05-08 23:20:27,2019-05-12 23:17:42,14.5,2.600637567435017,tanker
565671000,STRATEGIC VISION,IMO9610640,9V3944,70.0,186.0,27.0,761,2019-05-08 23:20:10,2019-05-10 12:50:32,11.3,1.3696452036793691,cargo
565862000,EAGLE SIBU,IMO9199828,9VIJ3,80.0,243.0,42.0,3670,2019-05-08 23:20:27,2019-05-12 23:18:08,11.4,0.3503542234332425,tanker
566025000,ATLANTIC PROGRESS,IMO9611577,9V9134,70.0,177.0,28.0,538,2019-05-11 21:37:49,2019-05-12 23:17:59,12.0,1.858736059479554,cargo
566122000,TORM MARGRETHE,IMO9299343,9V9491,80.0,244.0,42.0,1103,2019-05-08 23:21:34,2019-05-12 23:17:10,13.4,1.472620126926564,tanker
566366000,PACIFIC BERYL,IMO9402782,9V9809,80.0,182.0,32.0,735,2019-05-11 08:20:06,2019-05-12 23:18:10,10.6,0.586938775510204,tanker
566506000,PERMIAN LADY,IMO9729269,9V3146,80.0,179.0,,1654,2019-05-08 23:21:09,2019-05-12 23:15:09,1.0,0.09534461910519952,tanker
566644000,EAGLE SAN JUAN,IMO9594846,9V9333,80.0,274.0,49.0,1832,2019-05-08 23:20:49,2019-05-12 23:18:15,13.5,0.5285480349344979,tanker
566847000,MAREX EXPRESS,IMO9596260,9VFV6,80.0,183.0,32.0,1801,2019-05-08 23:24:18,2019-05-12 23:19:37,7.6,0.643753470294281,tanker
566855000,BOW PIONEER,IMO9595632,9V9886,80.0,227.0,37.0,1707,2019-05-08 23:22:45,2019-05-12 23:17:12,0.9,0.2001171646162859,tanker
566976000,MTM HAMBURG,IMO9379844,9V2179,80.0,141.0,24.0,1753,2019-05-09 04:58:43,2019-05-12 23:17:56,15.0,1.7195664575014262,tanker
636011289,NAVIGATOR SATURN,IMO9177569,ELYC9,80.0,169.0,24.0,1104,2019-05-08 23:25:18,2019-05-12 23:14:29,14.4,1.9570652173913043,tanker
636011466,ELKA ANGELIQUE,IMO9216913,ELZK3,80.0,183.0,31.0,1777,2019-05-08 23:22:13,2019-05-12 23:17:58,13.3,0.6418120427687113,tanker
636011604,TARANTELLA,IMO9234587,A8AI5,80.0,182.0,32.0,1786,2019-05-08 23:21:55,2019-05-12 23:15:29,0.0,0.0,tanker
636011627,AEGIALI,IMO9260902,A8AM6,70.0,279.0,40.0,1318,2019-05-10 07:44:29,2019-05-12 23:18:35,13.5,1.3492412746585736,cargo
636012425,XANTHOS,IMO9289178,A8FJ4,80.0,213.0,32.0,1698,2019-05-08 23:21:21,2019-05-12 23:17:01,13.7,0.65,tanker
636012465,NS STELLA,IMO9309588,A8FP2,80.0,182.0,32.0,1254,2019-05-10 03:00:10,2019-05-12 23:18:21,13.2,1.3501594896331737,tanker
636012731,HIGH PERFORMANCE,IMO9301005,A8HM2,80.0,183.0,32.0,1779,2019-05-08 23:21:02,2019-05-12 23:13:51,14.8,0.5060146149522203,tanker
636013815,ERNEST N,IMO9377236,A8PQ6,80.0,204.0,32.0,1808,2019-05-08 23:20:52,2019-05-12 23:19:06,14.4,0.400608407079646,tanker
636013998,HORIZON APHRODITE,IMO9407366,A8QT3,80.0,183.0,32.0,754,2019-05-08 23:21:22,2019-05-10 06:30:48,12.7,3.351193633952255,tanker
636014090,FPMC 23,IMO9417220,A8RF4,80.0,183.0,32.0,1719,2019-05-08 23:21:22,2019-05-12 23:18:31,1.1,0.20546829552065154,tanker
636014350,NS BORA,IMO9412335,A8TG8,80.0,274.0,48.0,1756,2019-05-08 23:20:46,2019-05-12 23:17:45,0.8,0.16287015945330297,tanker
636014423,ELLIE LADY,IMO9390173,A8TT3,80.0,247.0,44.0,34,2019-05-12 22:26:03,2019-05-12 23:18:43,11.3,6.594117647058823,tanker
636015005,STOLT OCELOT,IMO9459539,A8YA2,80.0,155.0,24.0,1634,2019-05-08 23:22:15,2019-05-12 23:19:14,12.2,0.608078335373317,tanker
636015074,IVORY RAY,IMO9505986,A8YK4,80.0,146.0,24.0,89,2019-05-12 19:55:00,2019-05-12 23:17:36,10.5,3.604494382022472,tanker
636015352,TURQUOISE OCEAN,IMO9618501,D5AC8,70.0,183.0,29.0,1825,2019-05-08 23:21:52,2019-05-12 23:18:51,0.2,0.027835616438356168,cargo
636016033,FEARLESS,IMO9228265,D5EB8,70.0,185.0,23.0,1893,2019-05-08 23:21:20,2019-05-12 23:19:22,8.8,0.29883782356048605,cargo
636016399,NAVIGATOR TRITON,IMO9671228,D5FZ5,80.0,159.0,24.0,1739,2019-05-08 23:21:29,2019-05-12 23:18:29,0.2,0.03438757906843014,tanker
636016650,SAN ADRIANO,IMO9347279,A8PC8,70.0,186.0,27.0,342,2019-05-09 09:17:04,2019-05-10 01:15:19,13.8,1.315204678362573,cargo
636016659,NAVIGATOR CERES,IMO9704518,D5HE4,80.0,159.0,,1845,2019-05-08 23:22:03,2019-05-12 23:18:52,12.1,0.6697560975609756,tanker
636016699,CATALAN SEA,IMO9577044,D5HI7,80.0,249.0,44.0,417,2019-05-11 22:22:55,2019-05-12 23:16:52,7.9,0.19304556354916066,tanker
636017332,CARIBE CRISTINA,IMO9330020,D5KK3,80.0,116.0,20.0,564,2019-05-11 22:57:16,2019-05-12 23:19:58,12.8,3.02677304964539,tanker
636017333,CARIBE ILSE,IMO9322982,D5KK4,80.0,116.0,20.0,368,2019-05-12 03:46:28,2019-05-12 23:17:05,13.7,1.138586956521739,tanker
636017387,LARGO SUN,IMO9746255,D5KQ8,80.0,183.0,,948,2019-05-10 18:38:59,2019-05-12 23:17:49,11.0,0.37373417721518987,tanker
636017539,SIEM CICERO,IMO9762534,D5LL4,70.0,,,1620,2019-05-09 17:43:57,2019-05-12 21:35:46,16.3,3.1993209876543207,cargo
636017828,STOLT KIRI,IMO9266231,D5MW8,80.0,145.0,24.0,542,2019-05-08 23:22:09,2019-05-10 05:28:33,13.2,3.2583025830258303,tanker
636017830,STOLT SYPRESS,IMO9150315,D5MX2,80.0,182.0,32.0,1649,2019-05-09 01:44:04,2019-05-12 23:17:19,12.6,0.19296543359611884,tanker
636017834,STOLT SEQUOIA,IMO9235062,D5MX6,80.0,183.0,32.0,625,2019-05-11 15:01:39,2019-05-12 23:18:03,14.8,1.82352,tanker
636017836,STOLT SPRUCE,IMO8919037,D5MX8,80.0,182.0,32.0,688,2019-05-11 09:39:15,2019-05-12 23:17:54,14.1,0.8469476744186047,tanker
636018245,ANASTASIA S,IMO9277656,D5OU9,70.0,190.0,32.0,772,2019-05-11 06:49:43,2019-05-12 23:18:00,11.2,0.7946891191709845,cargo
636018285,(no name broadcast),,,,,,1742,2019-05-08 23:23:48,2019-05-12 23:18:31,12.6,0.49603903559127444,unknown
636018356,(no name broadcast),,,,,,1689,2019-05-08 23:21:04,2019-05-12 17:26:25,15.4,2.073830669034932,unknown
636018392,(no name broadcast),,,,,,1786,2019-05-08 23:22:36,2019-05-12 23:16:59,1.2,0.2895296752519597,unknown
636018469,(no name broadcast),,,,,,54,2019-05-12 09:40:03,2019-05-12 11:14:39,11.2,4.0814814814814815,unknown
636018579,(no name broadcast),,,,,,1691,2019-05-09 08:51:52,2019-05-12 23:18:45,11.9,0.2426374926079243,unknown
636018824,(no name broadcast),,,,,,419,2019-05-11 22:48:58,2019-05-12 23:16:42,12.2,1.0804295942720763,unknown
636018925,(no name broadcast),,,,,,1752,2019-05-08 23:21:37,2019-05-12 23:19:01,1.0,0.05542237442922375,unknown
636019120,(no name broadcast),,,,,,1282,2019-05-10 08:16:22,2019-05-12 23:17:48,13.3,1.953588143525741,unknown
636092004,GASCHEM HAMBURG,IMO9471018,A8VI2,80.0,173.0,28.0,480,2019-05-09 11:06:01,2019-05-12 23:18:59,15.7,8.796875,tanker
636092314,INDUSTRIAL RUBY,IMO9277292,D5AH3,70.0,134.0,21.0,1937,2019-05-08 23:20:24,2019-05-12 23:17:41,15.5,1.333144037170883,cargo
636092870,AAL GENOA,IMO9393553,D5RH2,70.0,160.0,25.0,1490,2019-05-09 23:27:31,2019-05-12 23:14:11,13.4,1.4157046979865773,cargo
