time,speed_ms,dir_to_deg,u,v
2019-05-07 23:25:00,0.537,140,0.34517694640167174,-0.41136586595489116
2019-05-07 23:31:00,0.22399999999999998,131,0.16905494596990095,-0.14695722249387358
2019-05-07 23:37:00,0.408,120,0.35333836474405095,-0.2039999999999999
2019-05-07 23:43:00,0.515,132,0.382719585120858,-0.344602262274812
2019-05-07 23:49:00,0.418,126,0.33816910364872804,-0.24569423545825372
2019-05-07 23:55:00,0.45799999999999996,129,0.3559328503472927,-0.28822873910082547
2019-05-08 00:01:00,0.444,128,0.34987677460138455,-0.2733536950445923
2019-05-08 00:07:00,0.406,127,0.32424601707920087,-0.24433689939973166
2019-05-08 00:13:00,0.43799999999999994,128,0.3451487100797442,-0.2696597261926383
2019-05-08 00:19:00,0.48200000000000004,133,0.35251248418044023,-0.32872320955012424
2019-05-08 00:25:00,0.43200000000000005,128,0.340420645558104,-0.2659657573406844
2019-05-08 00:31:00,0.48100000000000004,127,0.3841436803327478,-0.2894730261361353
2019-05-08 00:37:00,0.47100000000000003,128,0.3711530649487661,-0.2899765548783851
2019-05-08 00:43:00,0.446,123,0.3740470733036591,-0.2429090096167021
2019-05-08 00:49:00,0.52,131,0.3924489817158415,-0.34115069507506374
2019-05-08 00:55:00,0.491,133,0.35909466749501273,-0.3348611947906867
2019-05-08 01:01:00,0.45399999999999996,131,0.3426381494211385,-0.2978507991616902
2019-05-08 01:07:00,0.494,130,0.37842595490077513,-0.31753707918515045
2019-05-08 01:13:00,0.46399999999999997,130,0.35544462160720575,-0.29825345089455424
2019-05-08 01:19:00,0.4,127,0.3194542040189171,-0.24072600926081936
2019-05-08 01:25:00,0.498,133,0.36421414340634695,-0.3396351833111242
2019-05-08 01:31:00,0.436,125,0.35715029131000037,-0.2500793262490561
2019-05-08 01:37:00,0.382,124,0.31669235271602597,-0.21361168912582523
2019-05-08 01:49:00,0.355,127,0.2835156060667889,-0.21364433321897716
2019-05-08 01:55:00,0.294,120,0.25461146871262497,-0.14699999999999994
2019-05-08 02:01:00,0.447,135,0.31607673119038676,-0.3160767311903867
2019-05-08 02:07:00,0.402,134,0.28917459973613774,-0.27925266492451695
2019-05-08 02:13:00,0.37799999999999995,132,0.28090874403045496,-0.2529313692036484
2019-05-08 02:19:00,0.40299999999999997,131,0.30414796082977713,-0.26439178868317437
2019-05-08 02:25:00,0.39399999999999996,128,0.3104762369210484,-0.24257062127830933
2019-05-08 02:31:00,0.531,139,0.3483673443939594,-0.400750787098292
2019-05-08 02:37:00,0.40399999999999997,134,0.290613279336815,-0.2806419816654349
2019-05-08 02:43:00,0.498,130,0.38149013267325105,-0.3201082296238966
2019-05-08 02:49:00,0.441,128,0.3475127423405644,-0.2715067106186153
2019-05-08 02:55:00,0.462,127,0.3689696056418493,-0.27803854069624634
2019-05-08 03:01:00,0.496,131,0.37433595179049495,-0.32540527837929156
2019-05-08 03:07:00,0.516,131,0.3894301433949504,-0.3385264589591017
2019-05-08 03:13:00,0.51,130,0.3906826659906788,-0.3278216809401351
2019-05-08 03:19:00,0.47200000000000003,128,0.37194107570237284,-0.29059221635371074
2019-05-08 03:25:00,0.43700000000000006,126,0.3535404265418521,-0.2568621552518107
2019-05-08 03:31:00,0.684,128,0.538999355466998,-0.4211124491227503
2019-05-08 03:37:00,0.611,131,0.4611275535161138,-0.4008520667131999
2019-05-08 03:43:00,0.518,128,0.408189570368282,-0.31891264421869103
2019-05-08 03:49:00,0.513,128,0.4042495166002484,-0.3158343368420627
2019-05-08 03:55:00,0.48100000000000004,124,0.39876707239897513,-0.26897178656942916
2019-05-08 04:01:00,0.456,124,0.37804113308509907,-0.2549919639826605
2019-05-08 04:07:00,0.496,129,0.3854643968826576,-0.3121429139607193
2019-05-08 04:13:00,0.434,128,0.34199666706531734,-0.2671970802913357
2019-05-08 04:19:00,0.456,129,0.3543785584243788,-0.28697009831872583
2019-05-08 04:25:00,0.46299999999999997,129,0.35981858015457757,-0.29137534105607465
2019-05-08 04:31:00,0.474,135,0.33516861428242356,-0.3351686142824235
2019-05-08 04:37:00,0.503,130,0.3853203548888459,-0.3233221676723293
2019-05-08 04:43:00,0.565,131,0.4264109128258662,-0.37067335137963653
2019-05-08 04:49:00,0.5329999999999999,130,0.40830168818241525,-0.34260579596292545
2019-05-08 04:55:00,0.534,133,0.3905428766646371,-0.36418712427337413
2019-05-08 05:01:00,0.485,127,0.38733822237293697,-0.29188028622874346
2019-05-08 05:07:00,0.514,127,0.4104986521643085,-0.3093329219001529
2019-05-08 05:13:00,0.528,128,0.41606967790434923,-0.3250692589719476
2019-05-08 05:19:00,0.5710000000000001,131,0.4309391703072029,-0.37460970555357964
2019-05-08 05:25:00,0.626,130,0.47954382139248025,-0.40238504366377364
2019-05-08 05:31:00,0.618,130,0.4734154658475284,-0.3972427427862813
2019-05-08 05:37:00,0.622,128,0.49014268874338107,-0.38294143765255945
2019-05-08 05:43:00,0.6459999999999999,127,0.515918539490551,-0.3887725049562232
2019-05-08 05:49:00,0.605,122,0.5130690981746377,-0.32060115486108887
2019-05-08 05:55:00,0.7340000000000001,126,0.5938184738712116,-0.43143437518267524
2019-05-08 06:01:00,0.6759999999999999,122,0.573280513001744,-0.3582254226216464
2019-05-08 06:07:00,0.7390000000000001,128,0.5823399469153676,-0.4549738302656615
2019-05-08 06:13:00,0.7709999999999999,126,0.6237521026630845,-0.45318242951749665
2019-05-08 06:19:00,0.8490000000000001,129,0.6597969212769684,-0.5342930120013119
2019-05-08 06:25:00,0.893,134,0.6423704417024154,-0.6203299248198847
2019-05-08 06:31:00,0.835,134,0.6006487332827736,-0.5800397393332628
2019-05-08 06:37:00,0.759,127,0.6061643521258951,-0.45677760257240474
2019-05-08 06:43:00,0.711,125,0.5824171034894731,-0.4078128462455938
2019-05-08 06:49:00,0.7090000000000001,126,0.5735930490118378,-0.41673974387536344
2019-05-08 06:55:00,0.7659999999999999,126,0.6197070176912096,-0.4502435032560343
2019-05-08 07:01:00,0.7120000000000001,126,0.5760200999949626,-0.41850309963224086
2019-05-08 07:07:00,0.7,126,0.5663118960624631,-0.4114496766047311
2019-05-08 07:13:00,0.746,128,0.5878560221906146,-0.45928346059294106
2019-05-08 07:19:00,0.705,127,0.5630380345833413,-0.42427959132219406
2019-05-08 07:25:00,0.693,129,0.5385621512896809,-0.4361190309975372
2019-05-08 07:31:00,0.6459999999999999,126,0.522624978366216,-0.37970927298093754
2019-05-08 07:37:00,0.56,122,0.47490693384759863,-0.29675478797059474
2019-05-08 07:43:00,0.5820000000000001,122,0.49356399196304,-0.3084130117837252
2019-05-08 07:49:00,0.583,127,0.4656045023575716,-0.3508581584976442
2019-05-08 07:55:00,0.612,126,0.4951184005574678,-0.3597245744029935
2019-05-08 08:01:00,0.7190000000000001,133,0.5258433114641837,-0.4903568208849364
2019-05-08 08:07:00,0.605,136,0.4202683141276933,-0.43520057920488403
2019-05-08 08:13:00,0.59,137,0.40237903243687406,-0.43149868395531055
2019-05-08 08:19:00,0.604,133,0.44173763577797903,-0.411927009477749
2019-05-08 08:25:00,0.512,133,0.3744530952290153,-0.34918316035199914
2019-05-08 08:31:00,0.552,133,0.4037072432937822,-0.37646309475449913
2019-05-08 08:37:00,0.507,134,0.3647052787716961,-0.35219179382271165
2019-05-08 08:43:00,0.5,135,0.3535533905932738,-0.35355339059327373
2019-05-08 08:49:00,0.563,134,0.4049883075906605,-0.39109266256841546
2019-05-08 08:55:00,0.58,135,0.41012193308819755,-0.4101219330881975
2019-05-08 09:01:00,0.6709999999999999,137,0.4576208996019364,-0.4907383337864633
2019-05-08 09:07:00,0.652,136,0.45291725753926615,-0.4690095498208007
2019-05-08 09:13:00,0.609,134,0.4380779384062385,-0.4230469476095294
2019-05-08 09:19:00,0.626,133,0.45782741721360076,-0.426930973399124
2019-05-08 09:25:00,0.6679999999999999,132,0.4964207434188993,-0.44697924504771724
2019-05-08 09:31:00,0.71,135,0.5020458146424488,-0.5020458146424487
2019-05-08 09:37:00,0.7,134,0.5035378602370557,-0.48626085932129814
2019-05-08 09:43:00,0.7390000000000001,133,0.5404703854965671,-0.5039967880861863
2019-05-08 09:49:00,0.695,132,0.516485653706789,-0.46504577141940645
2019-05-08 09:55:00,0.72,131,0.543390897760396,-0.4723625008731651
2019-05-08 10:01:00,0.7240000000000001,131,0.5464097360812871,-0.47498673698912725
2019-05-08 10:07:00,0.6890000000000001,131,0.5199949007734901,-0.4520246709744595
2019-05-08 10:13:00,0.7170000000000001,134,0.5157666368428129,-0.4980700516191012
2019-05-08 10:19:00,0.677,134,0.4869930448292668,-0.47028371680074127
2019-05-08 10:25:00,0.637,135,0.4504270196158308,-0.45042701961583076
2019-05-08 10:31:00,0.738,140,0.47437725594866614,-0.5653407990218057
2019-05-08 10:37:00,0.737,144,0.43319773093955277,-0.5962455248543361
2019-05-08 10:43:00,0.6779999999999999,145,0.3888848238460091,-0.5553850860279365
2019-05-08 10:49:00,0.614,147,0.33440836749922676,-0.5149437287184903
2019-05-08 10:55:00,0.56,143,0.337016412965147,-0.4472358856264841
2019-05-08 11:01:00,0.436,131,0.32905337697712866,-0.2860417366398611
2019-05-08 11:07:00,0.57,123,0.47804222372889166,-0.3104442499585654
2019-05-08 11:13:00,0.451,124,0.37389594522232383,-0.25219599946530674
2019-05-08 11:19:00,0.365,132,0.2712478612992489,-0.24423267132098325
2019-05-08 11:25:00,0.28600000000000003,135,0.20223253941935262,-0.2022325394193526
2019-05-08 11:31:00,0.254,131,0.19169623337658412,-0.1666389933635888
2019-05-08 11:37:00,0.39,133,0.2852279436314765,-0.26597936042437437
2019-05-08 11:43:00,0.363,133,0.2654813936877589,-0.2475654047026869
2019-05-08 11:49:00,0.39,134,0.2805425221320739,-0.270916764479009
2019-05-08 11:55:00,0.33799999999999997,130,0.25892302177421456,-0.21726221207405028
2019-05-08 12:01:00,0.32899999999999996,130,0.2520286217861437,-0.21147712358687143
2019-05-08 12:07:00,0.261,132,0.1939607994495999,-0.17464308825966202
2019-05-08 12:13:00,0.46,137,0.3137192456287493,-0.33642270274481845
2019-05-08 12:25:00,0.215,118,0.18983373246466928,-0.10093638599896655
2019-05-08 12:31:00,0.16899999999999998,107,0.161615503757753,-0.04941081809814249
2019-05-08 12:37:00,0.15,123,0.1258005851918136,-0.08169585525225406
2019-05-08 12:49:00,0.135,100,0.13294904665664808,-0.02344250398503559
2019-05-08 12:55:00,0.095,98,0.09407546653044918,-0.01322144459120621
2019-05-08 13:01:00,0.037000000000000005,98,0.03663991854343811,-0.005149404735522419
2019-05-08 13:07:00,0.066,103,0.06430842427582553,-0.014846769586695093
2019-05-08 13:13:00,0.069,101,0.06773227565788882,-0.013165820680981592
2019-05-08 13:19:00,0.079,133,0.05777694242791447,-0.05387787044493737
2019-05-08 13:25:00,0.043,93,0.04294106999444667,-0.002250446118446585
2019-05-08 13:31:00,0.06,130,0.04596266658713868,-0.03856725658119236
2019-05-08 13:37:00,0.019,113,0.017489592215596365,-0.007423891441296203
2019-05-08 13:43:00,0.027999999999999997,36,0.016457987064189245,0.022652475842498528
2019-05-08 13:49:00,0.075,317,-0.051149877004687365,0.0548515276214378
2019-05-08 13:55:00,0.091,290,-0.08551202849151765,0.031123833042635878
2019-05-08 14:01:00,0.076,263,-0.07543350752474048,-0.009262070098791184
2019-05-08 14:07:00,0.062,307,-0.04951540162293217,0.03731253143542697
2019-05-08 14:13:00,0.094,301,-0.08057372626599855,0.04841357904154509
2019-05-08 14:19:00,0.07200000000000001,308,-0.05673677425968397,0.044327626223447415
2019-05-08 14:25:00,0.028999999999999998,242,-0.02560548019290888,-0.013614675320790831
2019-05-08 14:31:00,0.031,221,-0.02033782989870572,-0.023395996986905934
2019-05-08 14:37:00,0.1,289,-0.0945518575599317,0.032556815445715634
2019-05-08 14:43:00,0.099,304,-0.08207471968294912,0.055360097443603956
2019-05-08 14:49:00,0.11,303,-0.09225376247399666,0.05991029385165293
2019-05-08 14:55:00,0.124,303,-0.10399515042523261,0.0675352403418633
2019-05-08 15:01:00,0.08800000000000001,300,-0.0762102355330306,0.04400000000000001
2019-05-08 15:07:00,0.051,291,-0.047612601751357286,0.018276765426810317
2019-05-08 15:13:00,0.129,94,0.12868576248351732,-0.008998585112992168
2019-05-08 15:19:00,0.049,33,0.02668731271573633,0.04109485782932578
2019-05-08 15:25:00,0.081,346,-0.019595673543573097,0.07859395382835571
2019-05-08 15:31:00,0.027999999999999997,113,0.025774135896668323,-0.010940471597699666
2019-05-08 15:43:00,0.015,62,0.013244213892883903,0.007042073441788362
2019-05-08 15:49:00,0.172,94,0.17158101664468975,-0.011998113483989556
2019-05-08 15:55:00,0.179,133,0.13091231258983152,-0.1220777064511872
2019-05-08 16:01:00,0.09699999999999999,166,0.023466423873167767,-0.09411868544877165
2019-05-08 16:07:00,0.062,173,0.0075558992911191475,-0.06153786140176196
2019-05-08 16:13:00,0.08,155,0.03380946093925596,-0.072504622962932
2019-05-08 16:19:00,0.153,152,0.07182914910624127,-0.13509098170741582
2019-05-08 16:25:00,0.152,149,0.07828578738632826,-0.13028942970672105
2019-05-08 16:31:00,0.098,147,0.05337462543147268,-0.08218971565865155
2019-05-08 16:37:00,0.069,154,0.030247609128446335,-0.062016789194642534
2019-05-08 16:43:00,0.025,212,-0.013247981605830121,-0.021201202403910654
2019-05-08 16:49:00,0.10400000000000001,117,0.09266467851559027,-0.04721501197291286
2019-05-08 16:55:00,0.21899999999999997,122,0.18572253305825728,-0.11605231886707183
2019-05-08 17:01:00,0.22,132,0.16349186160502674,-0.14720873339894883
2019-05-08 17:07:00,0.185,144,0.10874027167410755,-0.14966814395936526
2019-05-08 17:13:00,0.218,139,0.14302086831993058,-0.1645266884885643
2019-05-08 17:19:00,0.258,142,0.15884066063401986,-0.20330677443053424
2019-05-08 17:25:00,0.225,141,0.14159708798621343,-0.17485784132781845
2019-05-08 17:31:00,0.304,134,0.21867929930294994,-0.21117614461953518
2019-05-08 17:37:00,0.253,131,0.19094152379636134,-0.16598293433459832
2019-05-08 17:43:00,0.20800000000000002,130,0.15933724416874745,-0.1336998228148002
2019-05-08 17:49:00,0.27699999999999997,124,0.22964340759774654,-0.15489643426139682
2019-05-08 17:55:00,0.34700000000000003,136,0.24104645454927204,-0.249610910717512
2019-05-08 18:01:00,0.405,117,0.360857642296289,-0.18386615239451645
2019-05-08 18:07:00,0.17600000000000002,123,0.14760601995839465,-0.09585647016264477
2019-05-08 18:13:00,0.19699999999999998,118,0.17394067579320857,-0.0924858978688205
2019-05-08 18:19:00,0.239,120,0.20698007150448083,-0.11949999999999994
2019-05-08 18:25:00,0.203,113,0.1868624852508454,-0.07931841908332259
2019-05-08 18:31:00,0.237,117,0.2111685462326432,-0.10759574843827258
2019-05-08 18:37:00,0.203,119,0.17754780054929736,-0.09841635291000642
2019-05-08 18:43:00,0.233,124,0.19316575440532474,-0.13029194650868398
2019-05-08 18:49:00,0.292,130,0.22368497739074156,-0.18769398202846949
2019-05-08 18:55:00,0.23399999999999999,127,0.1868807093510665,-0.14082471541757932
2019-05-08 19:01:00,0.34,134,0.24457553211514138,-0.23618384595605912
2019-05-08 19:07:00,0.353,127,0.28191833504669433,-0.21244070317267308
2019-05-08 19:13:00,0.188,124,0.15585906364034785,-0.10512826585250037
2019-05-08 19:19:00,0.27699999999999997,121,0.2374353422944851,-0.14266554675008503
2019-05-08 19:25:00,0.233,120,0.20178391908177423,-0.11649999999999995
2019-05-08 19:31:00,0.253,121,0.21686332707763442,-0.13030463295224373
2019-05-08 19:37:00,0.258,121,0.22114916358114498,-0.13287982332679402
2019-05-08 19:43:00,0.27399999999999997,120,0.23729096063693617,-0.13699999999999993
2019-05-08 19:49:00,0.264,122,0.22388469738529648,-0.13989868575756606
2019-05-08 19:55:00,0.295,124,0.2445660839037373,-0.16496190652387027
2019-05-08 20:01:00,0.316,127,0.2523688211749445,-0.1901735473160473
2019-05-08 20:07:00,0.40399999999999997,137,0.2755273374652494,-0.29546689545414484
2019-05-08 20:13:00,0.33799999999999997,125,0.27687339096967917,-0.1938688354866536
2019-05-08 20:19:00,0.342,131,0.25811067643618807,-0.22437218791475347
2019-05-08 20:25:00,0.353,128,0.2781677960231729,-0.21732850078995736
2019-05-08 20:31:00,0.36,130,0.27577599952283205,-0.23140353948715417
2019-05-08 20:37:00,0.429,129,0.33339561746504054,-0.2699784477603802
2019-05-08 20:43:00,0.41700000000000004,128,0.3286004842540031,-0.25673083521079954
2019-05-08 20:49:00,0.41700000000000004,129,0.32406986592755693,-0.26242660306778215
2019-05-08 20:55:00,0.366,130,0.2803722661815459,-0.2352602651452734
2019-05-08 21:07:00,0.45,131,0.33961931110024746,-0.29522656304572825
2019-05-08 21:13:00,0.384,132,0.2853676129833194,-0.25694615284180156
2019-05-08 21:19:00,0.39,132,0.28982648193618377,-0.2609609364799547
2019-05-08 21:25:00,0.44299999999999995,132,0.3292131576864856,-0.29642485861697415
2019-05-08 21:31:00,0.314,134,0.22587269730633644,-0.2181227283241252
2019-05-08 21:37:00,0.265,133,0.19380873092908021,-0.18072956541656207
2019-05-08 21:43:00,0.36700000000000005,138,0.24557093253370105,-0.2727341509502037
2019-05-08 21:49:00,0.44299999999999995,144,0.2603888667655656,-0.3583945285081016
2019-05-08 21:55:00,0.32799999999999996,133,0.23988401413108792,-0.22369546210049943
2019-05-08 22:01:00,0.361,135,0.25526554800834367,-0.2552655480083436
2019-05-08 22:07:00,0.26899999999999996,129,0.20905226363192517,-0.1692871851924062
2019-05-08 22:13:00,0.337,130,0.2581569773310956,-0.21661942446436377
2019-05-08 22:19:00,0.409,132,0.30394623362025425,-0.273674418000773
2019-05-08 22:25:00,0.387,131,0.29207260754621284,-0.2538948442193263
2019-05-08 22:31:00,0.433,132,0.3217817094317117,-0.2897335525533856
2019-05-08 22:37:00,0.355,132,0.26381641304447495,-0.23754136525739467
2019-05-08 22:43:00,0.56,142,0.34477042618236875,-0.4412860220197643
2019-05-08 22:49:00,0.237,110,0.2227071511262603,-0.08105877396818348
2019-05-08 22:55:00,0.365,139,0.23946154558153515,-0.27546899678131176
2019-05-08 23:01:00,0.41700000000000004,137,0.2843933161460619,-0.3049744935751941
2019-05-08 23:07:00,0.431,135,0.304763022691402,-0.30476302269140193
2019-05-08 23:13:00,0.375,141,0.23599514664368904,-0.2914297355463641
2019-05-08 23:19:00,0.414,131,0.31244976621222764,-0.27160843800206996
2019-05-08 23:25:00,0.371,128,0.2923519895880939,-0.22841040734581922
2019-05-08 23:31:00,0.4,134,0.28773592013546045,-0.277863348183599
2019-05-08 23:37:00,0.395,134,0.2841392211337672,-0.274390056331304
2019-05-08 23:43:00,0.43,136,0.29870309929736877,-0.30931611414562005
2019-05-08 23:49:00,0.381,137,0.2598413751838119,-0.27864576031690397
2019-05-08 23:55:00,0.442,140,0.28411212348145043,-0.33859164385858825
2019-05-09 00:01:00,0.433,136,0.30078707440874575,-0.311474133546636
2019-05-09 00:07:00,0.47200000000000003,135,0.33375440072005047,-0.3337544007200504
2019-05-09 00:13:00,0.392,132,0.29131277158713853,-0.26229919769267246
2019-05-09 00:19:00,0.41200000000000003,134,0.29636799773952427,-0.28619924862910695
2019-05-09 00:25:00,0.473,136,0.32857340922710565,-0.34024772556018207
2019-05-09 00:31:00,0.431,133,0.3152134453978625,-0.2939412931869368
2019-05-09 00:37:00,0.486,134,0.34959914296458444,-0.3376039680430727
2019-05-09 00:43:00,0.424,138,0.28371137709615596,-0.3150934060024151
2019-05-09 00:49:00,0.386,131,0.29131789796599006,-0.25323878519033577
2019-05-09 01:01:00,0.38,129,0.295315465353649,-0.23914174859893816
2019-05-09 01:13:00,0.349,126,0.28234693103685665,-0.20513705305007307
2019-05-09 01:19:00,0.426,129,0.33106417958066964,-0.26809048658723067
2019-05-09 01:25:00,0.36700000000000005,133,0.26840680849423565,-0.25029339814293694
2019-05-09 01:31:00,0.39299999999999996,135,0.27789296500631316,-0.2778929650063131
2019-05-09 01:37:00,0.391,133,0.2859592973330957,-0.26666135878443686
2019-05-09 01:43:00,0.461,130,0.3531464882778489,-0.2963250880654947
2019-05-09 01:49:00,0.47,134,0.338089706159166,-0.3264894341157287
2019-05-09 01:55:00,0.483,132,0.3589389507055814,-0.3231900828713285
2019-05-09 02:01:00,0.48100000000000004,131,0.36301530808715343,-0.31556439294443395
2019-05-09 02:07:00,0.361,125,0.295713887988326,-0.20706109352272767
2019-05-09 02:19:00,0.49,129,0.3808015211139158,-0.30836699161442027
2019-05-09 02:25:00,0.5379999999999999,135,0.38042344827836255,-0.3804234482783625
2019-05-09 02:31:00,0.42700000000000005,133,0.3122880305913859,-0.29121329974668686
2019-05-09 02:43:00,0.436,132,0.3240111439081439,-0.2917409443724622
2019-05-09 02:49:00,0.455,134,0.32729960915408624,-0.31606955855884383
2019-05-09 02:55:00,0.45399999999999996,130,0.347784177176016,-0.29182557479768884
2019-05-09 03:01:00,0.429,131,0.3237704099155692,-0.2814493234369276
2019-05-09 03:07:00,0.43200000000000005,133,0.3159447990994817,-0.29462329154699934
2019-05-09 03:13:00,0.491,131,0.3705624038893811,-0.322124983234339
2019-05-09 03:19:00,0.511,134,0.3675826379730507,-0.35497042730454764
2019-05-09 03:25:00,0.496,133,0.3627514360031086,-0.3382711865909992
2019-05-09 03:31:00,0.474,132,0.35225064727628486,-0.3171679074140988
2019-05-09 03:37:00,0.45,131,0.33961931110024746,-0.29522656304572825
2019-05-09 03:43:00,0.529,132,0.3931236126775416,-0.353970090763836
2019-05-09 03:49:00,0.46399999999999997,131,0.35018524522336625,-0.3044113894515953
2019-05-09 03:55:00,0.452,133,0.3305718731318651,-0.3082632587482493
2019-05-09 04:01:00,0.467,132,0.3470486334979431,-0.3124839931695868
2019-05-09 04:07:00,0.53,132,0.39386675750301897,-0.3546392213701949
2019-05-09 04:13:00,0.5,134,0.35966990016932554,-0.3473291852294987
2019-05-09 04:19:00,0.484,136,0.3362146513021546,-0.3481604633639072
2019-05-09 04:25:00,0.46299999999999997,139,0.30375533042260483,-0.3494305356431434
2019-05-09 04:31:00,0.524,137,0.3573671406727492,-0.38322933964844536
2019-05-09 04:37:00,0.47100000000000003,135,0.33304729393886395,-0.3330472939388639
2019-05-09 04:43:00,0.485,134,0.34887980316424577,-0.33690930967261373
2019-05-09 04:49:00,0.498,133,0.36421414340634695,-0.3396351833111242
2019-05-09 04:55:00,0.507,133,0.3707963267209195,-0.34577316855168666
2019-05-09 05:01:00,0.551,133,0.402975889592163,-0.37578109639443663
2019-05-09 05:07:00,0.513,135,0.3627457787486989,-0.36274577874869884
2019-05-09 05:19:00,0.47,134,0.338089706159166,-0.3264894341157287
2019-05-09 05:25:00,0.442,136,0.30703899974287674,-0.31794819174968386
2019-05-09 05:31:00,0.45799999999999996,135,0.3238549057834388,-0.32385490578343873
2019-05-09 05:37:00,0.581,136,0.40359651323667733,-0.4179364239967564
2019-05-09 05:49:00,0.495,135,0.35001785668734103,-0.350017856687341
2019-05-09 05:55:00,0.43200000000000005,132,0.32103856460623437,-0.2890644219470268
2019-05-09 06:07:00,0.489,130,0.37459573268518026,-0.3143231411367177
2019-05-09 06:13:00,0.457,133,0.33422864163996097,-0.31167325054856176
2019-05-09 06:19:00,0.531,131,0.40075078709829204,-0.34836734439395933
2019-05-09 06:25:00,0.518,133,0.3788412174387304,-0.3532751505123742
2019-05-09 06:31:00,0.583,134,0.4193751035974336,-0.4049858299775954
2019-05-09 06:37:00,0.635,137,0.43306895863968653,-0.46440960052817326
2019-05-09 06:43:00,0.6,137,0.4091990160374991,-0.43881222097150224
2019-05-09 06:49:00,0.6459999999999999,136,0.4487493073165121,-0.46469351101876866
2019-05-09 06:55:00,0.638,137,0.435114953719874,-0.46660366163303074
2019-05-09 07:01:00,0.6509999999999999,140,0.4184547339059371,-0.49869493247045454
2019-05-09 07:07:00,0.6,142,0.36939688519539504,-0.4728064521640331
2019-05-09 07:13:00,0.725,143,0.4363158917852349,-0.5790107447842874
2019-05-09 07:19:00,0.765,146,0.4277825711551214,-0.6342137430046069
2019-05-09 07:25:00,0.68,147,0.3703545438102186,-0.5702959862028883
2019-05-09 07:31:00,0.609,146,0.34054847821368484,-0.5048838816860204
2019-05-09 07:37:00,0.474,136,0.3292680675975646,-0.3409670653605207
2019-05-09 07:43:00,0.654,135,0.4624478348960021,-0.46244783489600205
2019-05-09 07:49:00,0.6,138,0.401478363815315,-0.4458868952864365
2019-05-09 07:55:00,0.51,143,0.30692566180754455,-0.40730411012411943
2019-05-09 08:01:00,0.63,132,0.4681812400507584,-0.4215522820060807
2019-05-09 08:07:00,0.63,135,0.44547727214752497,-0.4454772721475249
2019-05-09 08:13:00,0.588,136,0.4084591218298903,-0.4229718025991269
2019-05-09 08:19:00,0.64,135,0.4525483399593905,-0.45254833995939037
2019-05-09 08:25:00,0.899,138,0.6015484151166137,-0.6680871981041774
2019-05-09 08:31:00,0.5870000000000001,140,0.3773163268859987,-0.4496680881108401
2019-05-09 08:37:00,0.7,143,0.4212705162064337,-0.559044857033105
2019-05-09 08:43:00,0.506,140,0.32525053050138897,-0.38761848821820283
2019-05-09 08:49:00,0.485,134,0.34887980316424577,-0.33690930967261373
2019-05-09 08:55:00,0.659,132,0.4897324399896028,-0.4409570695904876
2019-05-09 09:01:00,0.5670000000000001,138,0.37939705380547273,-0.4213631160456825
2019-05-09 09:07:00,0.5710000000000001,132,0.42433569534759213,-0.3820735762309081
2019-05-09 09:13:00,0.575,134,0.4136203851947243,-0.39942856301392343
2019-05-09 09:19:00,0.605,135,0.42779960261786126,-0.4277996026178612
2019-05-09 09:25:00,0.564,133,0.41248348771321214,-0.38464707507524903
2019-05-09 09:31:00,0.552,134,0.3970755697869354,-0.38345142049336656
2019-05-09 09:37:00,0.581,132,0.431767143602366,-0.3887648822944966
2019-05-09 09:43:00,0.535,134,0.38484679318117837,-0.3716422281955636
2019-05-09 09:49:00,0.5670000000000001,133,0.41467754881806973,-0.38669307015543664
2019-05-09 10:01:00,0.524,133,0.3832293396484454,-0.35736714067274916
2019-05-09 10:07:00,0.461,133,0.33715405644643764,-0.31440124398881175
2019-05-09 10:13:00,0.501,134,0.3603892399696642,-0.3480238435999577
2019-05-09 10:19:00,0.5329999999999999,134,0.383408113580501,-0.37025291145464556
2019-05-09 10:25:00,0.512,134,0.36830197777338936,-0.35566508567500665
2019-05-09 10:31:00,0.48100000000000004,135,0.3401183617507294,-0.34011836175072935
2019-05-09 10:37:00,0.494,132,0.3671135437858328,-0.33055051954127596
2019-05-09 10:43:00,0.475,134,0.34168640516085924,-0.32996272596802373
2019-05-09 10:49:00,0.508,134,0.36542461857203473,-0.35288645219317066
2019-05-09 10:55:00,0.521,136,0.36191701100913753,-0.3747760359764373
2019-05-09 11:01:00,0.48,133,0.35104977677720184,-0.3273592128299992
2019-05-09 11:07:00,0.436,139,0.28604173663986115,-0.3290533769771286
2019-05-09 11:13:00,0.426,132,0.31657969565336996,-0.2850496383088736
2019-05-09 11:19:00,0.397,138,0.26564485072446675,-0.2950284957145255
2019-05-09 11:25:00,0.39399999999999996,136,0.27369539796084486,-0.2834198813334286
2019-05-09 11:31:00,0.364,137,0.24824740306274945,-0.26621274738937806
2019-05-09 11:37:00,0.444,138,0.29709398922333313,-0.329956302511963
2019-05-09 11:43:00,0.38799999999999996,134,0.2791038425313966,-0.26952744773809095
2019-05-09 11:49:00,0.451,135,0.31890515831513294,-0.3189051583151329
2019-05-09 11:55:00,0.289,140,0.1857656191994099,-0.2213868440613846
2019-05-09 12:01:00,0.316,133,0.2311077697116579,-0.2155114817797495
2019-05-09 12:07:00,0.428,136,0.29731378255645075,-0.30787743454494276
2019-05-09 12:13:00,0.583,145,0.33439506239265976,-0.4775656418204823
2019-05-09 12:19:00,0.765,128,0.6028282265091424,-0.4709810286241286
2019-05-09 12:25:00,0.42700000000000005,137,0.29121329974668686,-0.3122880305913858
2019-05-09 12:43:00,0.27899999999999997,134,0.20069580429448364,-0.19380968535806026
2019-05-09 12:49:00,0.272,138,0.18200352492960947,-0.20213539252985122
2019-05-09 12:55:00,0.23,134,0.16544815407788976,-0.1597714252055694
2019-05-09 13:01:00,0.217,136,0.15074086638960238,-0.15609673667348734
2019-05-09 13:07:00,0.163,136,0.11322931438481654,-0.11725238745520017
2019-05-09 13:13:00,0.08900000000000001,133,0.06509047944410619,-0.06069785404556236
2019-05-09 13:19:00,0.165,142,0.10158414342873365,-0.13002177434510911
2019-05-09 13:25:00,0.12300000000000001,117,0.10959380247516927,-0.05584083146796426
2019-05-09 13:31:00,0.04,27,0.01815961998958187,0.03564026096753472
2019-05-09 13:37:00,0.015,43,0.010229975400937476,0.010970305524287556
2019-05-09 13:43:00,0.045,144,0.026450336353161297,-0.036405764746872626
2019-05-09 14:01:00,0.187,64,0.16807448665794422,0.08197540444955749
2019-05-09 14:07:00,0.111,297,-0.09890172418490885,0.050392945471089676
2019-05-09 14:13:00,0.138,287,-0.1319700563228989,0.04034729525173767
2019-05-09 14:19:00,0.145,293,-0.13347320375060387,0.056656013630944656
2019-05-09 14:25:00,0.065,314,-0.046757087022012325,0.04515279407983482
2019-05-09 14:31:00,0.23199999999999998,338,-0.08690872967249166,0.21510665425949463
2019-05-09 14:37:00,0.057,332,-0.026759879078795776,0.05032801279295884
2019-05-09 14:43:00,0.204,304,-0.16912366480122848,0.11407535230803238
2019-05-09 14:49:00,0.24100000000000002,307,-0.19247115792139763,0.14503742057964356
2019-05-09 14:55:00,0.23800000000000002,308,-0.1875465593583998,0.14652743112750674
2019-05-09 15:01:00,0.359,309,-0.2789954001630525,0.22592602038689166
2019-05-09 15:07:00,0.087,351,-0.013609798458500104,0.08592888563177697
2019-05-09 15:13:00,0.272,313,-0.19892820684041435,0.18550355393699963
2019-05-09 15:19:00,0.33,312,-0.24523779240754023,0.2208131000984231
2019-05-09 15:31:00,0.29,312,-0.21551199938844443,0.19404787584406874
2019-05-09 15:37:00,0.28600000000000003,313,-0.20916715866308275,0.19505153097787462
2019-05-09 15:43:00,0.303,315,-0.21425335469952395,0.21425335469952383
2019-05-09 15:49:00,0.273,312,-0.20287853735532874,0.1826726555359682
2019-05-09 15:55:00,0.255,316,-0.1771378844670444,0.18343164908635598
2019-05-09 16:01:00,0.23800000000000002,315,-0.16829141392239835,0.16829141392239827
2019-05-09 16:19:00,0.285,316,-0.1979776355808143,0.2050118430965155
2019-05-09 16:25:00,0.25,317,-0.17049959001562456,0.18283842540479267
2019-05-09 16:31:00,0.242,314,-0.17408023168195355,0.16810732565107733
2019-05-09 16:37:00,0.254,313,-0.18576384021126927,0.17322758345587463
2019-05-09 16:43:00,0.21100000000000002,310,-0.1616353774981044,0.13562818564385978
2019-05-09 16:55:00,0.156,322,-0.09604319015080268,0.12292967756264864
2019-05-09 17:01:00,0.253,327,-0.13779367585880184,0.2121836536901923
2019-05-09 17:07:00,0.332,320,-0.21340548641593116,0.2543267551155006
2019-05-09 17:13:00,0.122,313,-0.08922515159753878,0.08320379992762482
2019-05-09 17:19:00,0.08,315,-0.05656854249492382,0.05656854249492379
2019-05-09 17:25:00,0.079,312,-0.05870844121271417,0.05286131790234977
2019-05-09 17:31:00,0.084,314,-0.060424543228446696,0.05835130311855577
2019-05-09 17:37:00,0.11,318,-0.0736043666994744,0.08174593080251337
2019-05-09 17:43:00,0.105,319,-0.06888619804400327,0.07924450592339105
2019-05-09 17:49:00,0.078,308,-0.0614648387813243,0.048021595075401366
2019-05-09 17:55:00,0.005,62,0.004414737964294635,0.0023473578139294542
2019-05-09 18:01:00,0.10800000000000001,314,-0.07768869843657433,0.07502310400957171
2019-05-09 18:07:00,0.135,311,-0.10188579333007426,0.08856796891371846
2019-05-09 18:13:00,0.038,325,-0.021795904581339766,0.03112777768298168
2019-05-09 18:19:00,0.059000000000000004,124,0.04891321678074746,-0.032992381304774054
2019-05-09 18:25:00,0.011000000000000001,125,0.00901067248717891,-0.006309340799861509
2019-05-09 18:31:00,0.042,316,-0.029175651559277902,0.030212271614223338
2019-05-09 18:37:00,0.078,112,0.07232034065620942,-0.02921931428644114
2019-05-09 18:43:00,0.078,122,0.06614775150020123,-0.041333702610189975
2019-05-09 18:49:00,0.068,99,0.06716280716046938,-0.010637543622735696
2019-05-09 18:55:00,0.095,124,0.07875856939272896,-0.05312332582972094
2019-05-09 19:01:00,0.159,127,0.12698304609751954,-0.09568858868117569
2019-05-09 19:13:00,0.091,110,0.08551202849151766,-0.031123833042635853
2019-05-09 19:19:00,0.162,134,0.11653304765486149,-0.11253465601435758
2019-05-09 19:25:00,0.16,122,0.13568769538502817,-0.08478708227731277
2019-05-09 19:31:00,0.12300000000000001,124,0.10197162142427015,-0.06878072712690185
2019-05-09 19:43:00,0.073,122,0.0619075110194191,-0.038684106289023946
2019-05-09 20:07:00,0.023,128,0.018124247332954604,-0.01416021393249014
2019-05-09 20:13:00,0.121,122,0.10261381963492755,-0.06412023097221778
2019-05-09 20:19:00,0.125,124,0.10362969656938022,-0.06989911293384334
2019-05-09 20:25:00,0.126,124,0.10445873414193525,-0.07045830583731408
2019-05-09 20:31:00,0.12300000000000001,125,0.10075570144754599,-0.07054990167117868
2019-05-09 20:43:00,0.114,121,0.09771707228004081,-0.05871434053974619
2019-05-09 20:55:00,0.114,119,0.09970664661389113,-0.05526829670808242
2019-05-09 21:01:00,0.115,116,0.10336131532440421,-0.050412681880743916
2019-05-09 21:07:00,0.156,116,0.14021187122267004,-0.06838589889909609
2019-05-09 21:13:00,0.27699999999999997,117,0.2468088072001779,-0.12575536842785442
2019-05-09 21:19:00,0.124,125,0.10157485349183497,-0.07112347810752973
2019-05-09 21:25:00,0.158,124,0.1309879364636966,-0.08835247874837798
2019-05-09 21:31:00,0.158,126,0.1278246851112417,-0.09287006986221073
2019-05-09 21:37:00,0.18899999999999997,128,0.14893403243167044,-0.1163600188365494
2019-05-09 21:49:00,0.263,132,0.1954470891005547,-0.17598134947237973
2019-05-09 21:55:00,0.28300000000000003,132,0.21030998561010258,-0.1893639615995569
2019-05-09 22:01:00,0.212,129,0.16475494382887784,-0.1334159229025655
2019-05-09 22:07:00,0.182,142,0.11205038850926982,-0.1434179571564234
2019-05-09 22:13:00,0.155,135,0.10960155108391487,-0.10960155108391485
2019-05-09 22:19:00,0.174,136,0.1208705564598655,-0.1251651252589253
2019-05-09 22:25:00,0.253,135,0.17889801564019653,-0.1788980156401965
2019-05-09 22:31:00,0.27699999999999997,134,0.19925712469380633,-0.19242036861714223
2019-05-09 22:37:00,0.253,136,0.1757485677261263,-0.18199296948567878
2019-05-09 22:43:00,0.20600000000000002,133,0.15065886253354915,-0.14049166217287468
2019-05-09 22:55:00,0.414,137,0.28234732106587435,-0.30278043247033654
2019-05-09 23:01:00,0.255,140,0.16391084047006757,-0.19534133299533937
2019-05-09 23:07:00,0.39399999999999996,129,0.30619550881404656,-0.24795223407363587
2019-05-09 23:19:00,0.341,135,0.24112341238461274,-0.2411234123846127
2019-05-09 23:25:00,0.24600000000000002,142,0.15145272293011197,-0.1938506453872536
2019-05-09 23:31:00,0.242,143,0.14563923560279565,-0.19326979343144488
2019-05-09 23:37:00,0.254,138,0.16995917401515,-0.18875878567125812
2019-05-09 23:43:00,0.163,132,0.12113260655281527,-0.1090682888364939
2019-05-09 23:49:00,0.127,131,0.09584811668829206,-0.0833194966817944
2019-05-09 23:55:00,0.179,126,0.1448140419931156,-0.10521356016035267
2019-05-10 00:07:00,0.094,105,0.09079702767117243,-0.02432899023963696
2019-05-10 00:19:00,0.129,111,0.12043187501813903,-0.046229465491343734
2019-05-10 00:25:00,0.162,107,0.15492137046601176,-0.047364216165083343
2019-05-10 00:31:00,0.165,111,0.15404077037203828,-0.059130711674974544
2019-05-10 00:37:00,0.13699999999999998,108,0.13029474273243602,-0.04233532822936778
2019-05-10 00:43:00,0.154,119,0.13469143489946697,-0.0746606815179359
2019-05-10 00:49:00,0.153,119,0.13381681519232758,-0.07417587189768957
2019-05-10 00:55:00,0.129,106,0.12400275877604314,-0.03555721890039288
2019-05-10 01:01:00,0.187,126,0.15128617794811516,-0.10991584217869245
2019-05-10 01:07:00,0.19399999999999998,122,0.16452133065434663,-0.10280433726124172
2019-05-10 01:13:00,0.15,110,0.14095389311788625,-0.051303021498850306
2019-05-10 01:19:00,0.098,112,0.09086401774754517,-0.03671144615475939
2019-05-10 01:25:00,0.059000000000000004,104,0.057247447850283795,-0.0142733918403804
2019-05-10 01:31:00,0.057,98,0.05644527991826951,-0.007932866754723725
2019-05-10 01:37:00,0.069,108,0.06562289962436561,-0.02132217261187137
2019-05-10 01:43:00,0.006999999999999999,34,0.003914350324295228,0.005803263007885292
2019-05-10 01:49:00,0.099,77,0.0964626364137383,0.02227015438004263
2019-05-10 01:55:00,0.039,338,-0.014609657143220581,0.03616017032810471
2019-05-10 02:01:00,0.046,172,0.006401962644163005,-0.045552331162112235
2019-05-10 02:07:00,0.096,61,0.08396349188538199,0.04654172354364836
2019-05-10 02:13:00,0.028999999999999998,357,-0.0015177427310453866,0.02896025650788264
2019-05-10 02:19:00,0.031,144,0.01822134282106667,-0.025079526825623366
2019-05-10 02:25:00,0.09699999999999999,120,0.08400446416709055,-0.048499999999999974
2019-05-10 02:31:00,0.053,47,0.038761746185816036,0.03614591308331242
2019-05-10 02:37:00,0.075,85,0.07471460235688092,0.00653668070607436
2019-05-10 02:43:00,0.04,30,0.019999999999999997,0.034641016151377546
2019-05-10 02:49:00,0.011000000000000001,50,0.008426488874308758,0.007070663706551934
2019-05-10 02:55:00,0.282,112,0.26146584698783404,-0.1056390593432872
2019-05-10 03:01:00,0.061,94,0.060851407065849274,-0.004255144898391645
2019-05-10 03:07:00,0.040999999999999995,62,0.036200851307215995,0.019248334074221524
2019-05-10 03:13:00,0.11199999999999999,95,0.11157380618627549,-0.009761443187737721
2019-05-10 03:19:00,0.295,125,0.24164985306525252,-0.1692050487235586
2019-05-10 03:25:00,0.106,118,0.09359244484304624,-0.04976398565530443
2019-05-10 03:31:00,0.10800000000000001,128,0.085105161389526,-0.0664914393351711
2019-05-10 03:37:00,0.316,124,0.2619758729273932,-0.17670495749675597
2019-05-10 03:43:00,0.433,121,0.3711534412040146,-0.2230114864360535
2019-05-10 03:49:00,0.684,120,0.5923613761885561,-0.34199999999999986
2019-05-10 03:55:00,0.7290000000000001,118,0.6436687951941578,-0.3422447692709145
2019-05-10 04:01:00,0.925,121,0.7928797531494539,-0.4764102192918002
2019-05-10 04:07:00,0.9540000000000001,123,0.8000917218199346,-0.5195856394043359
2019-05-10 04:13:00,0.961,127,0.7674887251554483,-0.5783442372491184
2019-05-10 04:19:00,1.005,126,0.8130620793468221,-0.5907241785539353
2019-05-10 04:25:00,1.06,122,0.8989309819258117,-0.5617144200871971
2019-05-10 04:31:00,1.251,126,1.0120802599630592,-0.7353193506178837
2019-05-10 04:37:00,1.205,129,0.9364608835556502,-0.7583310712150539
2019-05-10 04:43:00,1.274,130,0.975940620533578,-0.8189114147406512
2019-05-10 04:49:00,1.354,131,1.0218767716216335,-0.8883039252531467
2019-05-10 04:55:00,1.33,131,1.003763741696287,-0.8725585085573746
2019-05-10 05:01:00,1.392,129,1.0817871783481037,-0.8760139843413735
2019-05-10 05:07:00,1.455,128,1.1465556464977806,-0.8957874465988328
2019-05-10 05:13:00,1.47,129,1.1424045633417474,-0.9251009748432608
2019-05-10 05:19:00,1.5719999999999998,130,1.2042218645830334,-1.0104621224272399
2019-05-10 05:25:00,1.5630000000000002,134,1.1243281079293117,-1.085751033027413
2019-05-10 05:31:00,1.4240000000000002,130,1.0908472870014247,-0.9153295561936321
2019-05-10 05:37:00,1.4580000000000002,134,1.0487974288937534,-1.0128119041292183
2019-05-10 05:43:00,1.224,138,0.8190158621832426,-0.9096092663843304
2019-05-10 05:49:00,1.3419999999999999,131,1.0128202566589601,-0.8804312169052605
2019-05-10 05:55:00,1.102,132,0.8189455976760885,-0.7373819282074618
2019-05-10 06:01:00,0.997,135,0.704985460842988,-0.7049854608429879
2019-05-10 06:07:00,0.848,133,0.6201879389730566,-0.5783346093329986
2019-05-10 06:13:00,0.866,133,0.6333523056022017,-0.5906105798141236
2019-05-10 06:19:00,0.857,134,0.616474208890224,-0.5953222234833607
2019-05-10 06:25:00,0.948,133,0.6933233091349736,-0.6465344453392484
2019-05-10 06:31:00,1.022,133,0.7474434830547924,-0.6970023239838733
2019-05-10 06:37:00,1.168,134,0.8401888867955444,-0.8113609766961088
2019-05-10 06:43:00,1.063,134,0.764658207759986,-0.7384218477979142
2019-05-10 06:49:00,1.193,131,0.9003685292057672,-0.7826784215856751
2019-05-10 06:55:00,1.28,137,0.872957900879998,-0.9361327380725382
2019-05-10 07:01:00,0.8540000000000001,131,0.6445219815102474,-0.5602744107578932
2019-05-10 07:07:00,1.4240000000000002,130,1.0908472870014247,-0.9153295561936321
2019-05-10 07:13:00,1.314,132,0.9764923006772961,-0.8792376167555398
2019-05-10 07:19:00,1.3940000000000001,134,1.0027596816720796,-0.9683537684198424
2019-05-10 07:25:00,1.273,133,0.9310132621612041,-0.8681839123595604
2019-05-10 07:31:00,1.367,133,0.9997605101134062,-0.9322917582054353
2019-05-10 07:37:00,1.3459999999999999,136,0.9350101666378101,-0.9682313712558246
2019-05-10 07:43:00,1.296,134,0.9322643812388919,-0.9002772481148607
2019-05-10 07:49:00,1.357,138,0.9080102328289708,-1.0084475281728238
2019-05-10 07:55:00,1.14,138,0.7628088912490985,-0.8471851010442293
2019-05-10 08:01:00,1.227,133,0.8973709918867223,-0.8368119877966855
2019-05-10 08:07:00,1.15,132,0.8546165492990033,-0.7695001973126869
2019-05-10 08:13:00,1.186,136,0.8238648273643706,-0.8531370032016404
2019-05-10 08:19:00,1.127,128,0.8880881193147757,-0.6938504826920169
2019-05-10 08:25:00,1.1740000000000002,132,0.8724520251104609,-0.7855593318652997
2019-05-10 08:31:00,1.24,133,0.9068785900077715,-0.8456779664774979
2019-05-10 08:37:00,1.114,141,0.701062915629519,-0.8657406010630657
2019-05-10 08:43:00,1.065,127,0.8505468182003667,-0.6409329996569315
2019-05-10 08:49:00,1.179,133,0.8622660142090022,-0.8040760665136856
2019-05-10 08:55:00,1.167,134,0.8394695469952058,-0.81066631832565
2019-05-10 09:01:00,1.193,132,0.8865717767945314,-0.7982728133861179
2019-05-10 09:07:00,1.32,133,0.9653868861373052,-0.9002378352824979
2019-05-10 09:13:00,1.266,136,0.8794374970010904,-0.9106841872287326
2019-05-10 09:19:00,1.03,130,0.7890257764125473,-0.6620712379771355
2019-05-10 09:25:00,1.127,130,0.8633320873950883,-0.7244216361167298
2019-05-10 09:31:00,1.15,133,0.8410567568620461,-0.7842981140718731
2019-05-10 09:37:00,0.987,130,0.7560858653584313,-0.6344313707606144
2019-05-10 09:43:00,0.894,131,0.6747103647191582,-0.5865167719175134
2019-05-10 09:49:00,0.8809999999999999,131,0.6648991401762622,-0.5779880045406367
2019-05-10 09:55:00,0.851,133,0.6223820000779141,-0.5803806044131861
2019-05-10 10:01:00,0.799,134,0.5747525004705822,-0.555032037996739
2019-05-10 10:07:00,0.665,131,0.5018818708481435,-0.4362792542786873
2019-05-10 10:13:00,0.6890000000000001,131,0.5199949007734901,-0.4520246709744595
2019-05-10 10:19:00,0.6859999999999999,130,0.5255064879796189,-0.44095230024496596
2019-05-10 10:25:00,0.635,130,0.48643822138055104,-0.4081701321509525
2019-05-10 10:31:00,0.649,129,0.5043677289855742,-0.40842893379134443
2019-05-10 10:37:00,0.608,130,0.4657550214163386,-0.3908148666894159
2019-05-10 10:43:00,0.608,130,0.4657550214163386,-0.3908148666894159
2019-05-10 10:49:00,0.593,127,0.4735908574580446,-0.35687630872916465
2019-05-10 10:55:00,0.578,125,0.47346988159903713,-0.33152718021090466
2019-05-10 11:01:00,0.645,130,0.49409866581174083,-0.4145980082478179
2019-05-10 11:07:00,0.6579999999999999,130,0.5040572435722874,-0.42295424717374286
2019-05-10 11:13:00,0.642,129,0.4989277072553754,-0.40402369105399555
2019-05-10 11:19:00,0.669,128,0.527179194162897,-0.4118775269928654
2019-05-10 11:25:00,0.78,128,0.6146483878132432,-0.48021595075401347
2019-05-10 11:31:00,0.841,130,0.6442433766630605,-0.5405843797463796
2019-05-10 11:37:00,0.89,133,0.6509047944410619,-0.6069785404556236
2019-05-10 11:43:00,0.8340000000000001,131,0.629427789905792,-0.547153230178083
2019-05-10 11:49:00,0.8590000000000001,132,0.6383614050850818,-0.5747831908622593
2019-05-10 11:55:00,0.823,131,0.6211259845233414,-0.5399365808591874
2019-05-10 12:01:00,1.034,141,0.6507172843455319,-0.8035689241465079
2019-05-10 12:07:00,0.623,141,0.3920666036240487,-0.48416193398769286
2019-05-10 12:13:00,0.925,126,0.7483407197968265,-0.5437013583705376
2019-05-10 12:19:00,0.986,132,0.7327407979207107,-0.6597627778698342
2019-05-10 12:25:00,0.9690000000000001,132,0.7201073358875951,-0.6483875575617337
2019-05-10 12:31:00,1.0759999999999998,132,0.7996238322136761,-0.7199845324421313
2019-05-10 12:37:00,0.972,132,0.7223367703640272,-0.6503949493808102
2019-05-10 12:43:00,1.068,135,0.7551900423072329,-0.7551900423072327
2019-05-10 12:49:00,1.126,136,0.7821853251368307,-0.8099766151813212
2019-05-10 12:55:00,1.089,135,0.7700392847121503,-0.7700392847121502
2019-05-10 13:01:00,1.192,136,0.8280327775871246,-0.8574530420036723
2019-05-10 13:07:00,1.0170000000000001,132,0.75577828751051,-0.6805058266669589
2019-05-10 13:13:00,1.131,131,0.8535765352319553,-0.7420027617882636
2019-05-10 13:19:00,1.129,133,0.8256983291280435,-0.7699761485105606
2019-05-10 13:25:00,1.167,131,0.8807460801199751,-0.7656208868319219
2019-05-10 13:31:00,1.123,138,0.7514336709409979,-0.8345516390111136
2019-05-10 13:37:00,1.242,128,0.9787093559795488,-0.7646515523544676
2019-05-10 13:43:00,1.153,132,0.8568459837754355,-0.7715075891317635
2019-05-10 13:49:00,1.17,133,0.8556838308944296,-0.797938081273123
2019-05-10 13:55:00,1.0759999999999998,134,0.7740096251643884,-0.747452406613881
2019-05-10 14:01:00,1.067,132,0.7929355287843797,-0.7139623569849017
2019-05-10 14:07:00,1.099,133,0.8037577180794684,-0.7495161977086857
2019-05-10 14:13:00,1.1440000000000001,129,0.889054979906775,-0.7199425273610139
2019-05-10 14:19:00,1.067,133,0.780354399627655,-0.7276922501866857
2019-05-10 14:25:00,1.083,140,0.6961389812905222,-0.8296261318978531
2019-05-10 14:31:00,0.632,140,0.40624176932189293,-0.484140088051194
2019-05-10 14:37:00,0.945,124,0.7834405060645144,-0.5284372937798556
2019-05-10 14:43:00,0.659,132,0.4897324399896028,-0.4409570695904876
2019-05-10 14:49:00,0.924,130,0.7078250654419357,-0.5939357513503624
2019-05-10 14:55:00,0.8270000000000001,132,0.6145807706698051,-0.5533710114587758
2019-05-10 15:01:00,0.669,129,0.5199106482147137,-0.42101534161234117
2019-05-10 15:07:00,0.6729999999999999,128,0.5303312371773239,-0.41434017289416797
2019-05-10 15:13:00,0.7559999999999999,132,0.5618174880609099,-0.5058627384072968
2019-05-10 15:19:00,0.6729999999999999,135,0.4758828637385465,-0.4758828637385464
2019-05-10 15:25:00,0.63,138,0.42155228200608075,-0.4681812400507583
2019-05-10 15:31:00,0.513,134,0.369021317573728,-0.35635974404546567
2019-05-10 15:37:00,0.5329999999999999,134,0.383408113580501,-0.37025291145464556
2019-05-10 15:43:00,0.451,132,0.3351583162903048,-0.30177790346784505
2019-05-10 15:49:00,0.40299999999999997,131,0.30414796082977713,-0.26439178868317437
2019-05-10 15:55:00,0.418,131,0.31546860453311876,-0.274232674118032
2019-05-10 16:01:00,0.363,128,0.2860479035592401,-0.22348511554321396
2019-05-10 16:07:00,0.45,136,0.3125962667065487,-0.3237029101523931
2019-05-10 16:13:00,0.341,131,0.2573559668559653,-0.22371612888576295
2019-05-10 16:19:00,0.34,132,0.25266924066231405,-0.2275044061620118
2019-05-10 16:25:00,0.36700000000000005,131,0.2769784159417574,-0.24077366363951616
2019-05-10 16:31:00,0.341,135,0.24112341238461274,-0.2411234123846127
2019-05-10 16:37:00,0.32299999999999995,131,0.24377119441195536,-0.21190706636393378
2019-05-10 16:43:00,0.325,128,0.25610349492218465,-0.20008997948083895
2019-05-10 16:49:00,0.368,131,0.27773312552198015,-0.24142972266850662
2019-05-10 16:55:00,0.21,133,0.1535842773400258,-0.14321965561312466
2019-05-10 17:01:00,0.452,138,0.302447034074204,-0.3359014611157822
2019-05-10 17:07:00,0.312,134,0.22443401770565913,-0.21673341158320716
2019-05-10 17:13:00,0.166,139,0.10890579881242421,-0.12528179031698017
2019-05-10 17:19:00,0.215,128,0.16942231202544522,-0.13236721719501654
2019-05-10 17:25:00,0.17800000000000002,139,0.11677850716031031,-0.13433830527965343
2019-05-10 17:31:00,0.182,137,0.12412370153137472,-0.13310637369468903
2019-05-10 17:37:00,0.134,124,0.1110910347223756,-0.07493184906508006
2019-05-10 17:43:00,0.054000000000000006,122,0.045794597192447016,-0.028615640268593062
2019-05-10 17:49:00,0.011000000000000001,225,-0.007778174593052023,-0.007778174593052026
2019-05-10 17:55:00,0.08,136,0.05557266963671977,-0.05754718402709211
2019-05-10 18:01:00,0.073,140,0.04692349550711738,-0.05592124434768538
2019-05-10 18:07:00,0.028999999999999998,133,0.021209257346955945,-0.019777952441812453
2019-05-10 18:13:00,0.027999999999999997,140,0.017998053071223104,-0.02144924440733138
2019-05-10 18:19:00,0.021,182,-0.000732889430752519,-0.020987207367401013
2019-05-10 18:25:00,0.114,149,0.0587143405397462,-0.0977170722800408
2019-05-10 18:31:00,0.11599999999999999,133,0.08483702938782378,-0.07911180976724981
2019-05-10 18:37:00,0.096,152,0.045069270027445506,-0.08476296891445699
2019-05-10 18:43:00,0.131,130,0.10035182204858613,-0.08420517686893667
2019-05-10 18:49:00,0.159,129,0.1235662078716584,-0.10006194217692413
2019-05-10 18:55:00,0.306,133,0.2237942326954662,-0.2086914981791245
2019-05-10 19:01:00,0.308,126,0.2491772342674838,-0.1810378577060817
2019-05-10 19:07:00,0.249,132,0.18504306154387118,-0.1666135209833557
2019-05-10 19:13:00,0.265,137,0.1807295654165621,-0.1938087309290802
2019-05-10 19:19:00,0.317,136,0.2202067034355021,-0.22803071670735248
2019-05-10 19:25:00,0.285,134,0.20501184309651554,-0.19797763558081424
2019-05-10 19:31:00,0.48100000000000004,126,0.38913717429434974,-0.28272470635267954
2019-05-10 19:37:00,0.237,135,0.16758430714121178,-0.16758430714121175
2019-05-10 19:43:00,0.33799999999999997,126,0.27344774409873224,-0.19867141527485585
2019-05-10 20:01:00,0.32799999999999996,123,0.27508394628609906,-0.17864160348492886
2019-05-10 20:07:00,0.326,126,0.26373954016623286,-0.1916179922473462
2019-05-10 20:13:00,0.26899999999999996,129,0.20905226363192517,-0.1692871851924062
2019-05-10 20:19:00,0.292,132,0.2169982890393991,-0.1953861370567866
2019-05-10 20:25:00,0.257,133,0.18795790131612683,-0.1752735785360621
2019-05-10 20:31:00,0.281,132,0.2088236959591478,-0.1880257003868392
2019-05-10 20:37:00,0.252,131,0.1901868142161386,-0.1653268753056078
2019-05-10 20:43:00,0.27,132,0.20064910287889645,-0.18066526371689173
2019-05-10 21:01:00,0.187,137,0.1275336933316872,-0.13676314220278488
2019-05-10 21:07:00,0.29600000000000004,139,0.19419347258119019,-0.22339403574594055
2019-05-10 21:19:00,0.387,129,0.3007554870838478,-0.24354699133628704
2019-05-10 21:25:00,0.382,126,0.30904449185122995,-0.2245339663757247
2019-05-10 21:31:00,0.256,124,0.21223361857409068,-0.14315338328851115
2019-05-10 21:37:00,0.34299999999999997,124,0.2843598873863793,-0.1918031658904661
2019-05-10 21:43:00,0.254,106,0.244160470768333,-0.07001188837751776
2019-05-10 21:49:00,0.226,114,0.2064612734272278,-0.09192248133513087
2019-05-10 21:55:00,0.311,126,0.2516042852506087,-0.1828012134629591
2019-05-10 22:01:00,0.245,113,0.22552368909584786,-0.09572912647987208
2019-05-10 22:07:00,0.237,112,0.21974257353232862,-0.08878176263957116
2019-05-10 22:19:00,0.254,122,0.21540421642373223,-0.13459949311523403
2019-05-10 22:25:00,0.257,118,0.2269175313647442,-0.12065419163597396
2019-05-10 22:31:00,0.28300000000000003,120,0.24508518927099618,-0.14149999999999996
2019-05-10 22:37:00,0.344,122,0.29172854507781054,-0.18229222689622243
2019-05-10 22:43:00,0.32799999999999996,123,0.27508394628609906,-0.17864160348492886
2019-05-10 22:49:00,0.29,117,0.25839189201462665,-0.13165724492446854
2019-05-10 22:55:00,0.374,124,0.31006005213558563,-0.20913814589805926
2019-05-10 23:01:00,0.34700000000000003,124,0.2876760376765995,-0.1940399375043491
2019-05-10 23:07:00,0.379,127,0.30268285830792396,-0.22808789377462635
2019-05-10 23:13:00,0.354,124,0.29347930068448475,-0.19795428782864433
2019-05-10 23:19:00,0.392,127,0.31306511993853875,-0.23591148907560297
2019-05-10 23:25:00,0.39899999999999997,127,0.3186555685088698,-0.2401241942376673
2019-05-10 23:31:00,0.439,130,0.33629351052923134,-0.28218376065239076
2019-05-10 23:37:00,0.395,128,0.3112642476746552,-0.24318628275363505
2019-05-10 23:43:00,0.42700000000000005,126,0.3454502565981026,-0.250984302728886
2019-05-10 23:49:00,0.457,126,0.369720766429351,-0.26861786029766016
2019-05-10 23:55:00,0.42,127,0.3354269142198629,-0.2527623097238603
2019-05-11 00:01:00,0.45899999999999996,124,0.3805282458027641,-0.2566695426930727
2019-05-11 00:13:00,0.573,128,0.4515301618166517,-0.3527740253616022
2019-05-11 00:19:00,0.5539999999999999,127,0.4424440725662001,-0.33340552282623476
2019-05-11 00:25:00,0.5329999999999999,127,0.42567272685520696,-0.3207674073400417
2019-05-11 00:31:00,0.496,125,0.4062994139673399,-0.2844939124301189
2019-05-11 00:37:00,0.47600000000000003,125,0.3899163730815601,-0.273022383703098
2019-05-11 00:43:00,0.565,126,0.45709460182184525,-0.33209866754524725
2019-05-11 00:49:00,0.579,128,0.456258226338292,-0.3564679942135561
2019-05-11 00:55:00,0.628,129,0.48804766379497777,-0.3952132055792978
2019-05-11 01:01:00,0.635,128,0.5003868285402685,-0.39094503683179305
2019-05-11 01:07:00,0.635,129,0.4934876855251766,-0.39961844831664667
2019-05-11 01:13:00,0.68,131,0.5132025145514851,-0.4461201397135449
2019-05-11 01:19:00,0.6990000000000001,128,0.5508195167710987,-0.43034737125263517
2019-05-11 01:25:00,0.797,132,0.5922864259054832,-0.53329709326801
2019-05-11 01:31:00,0.784,132,0.5826255431742771,-0.5245983953853449
2019-05-11 01:37:00,0.7,130,0.5362311101832846,-0.44995132678057753
2019-05-11 01:43:00,0.74,130,0.5668728879080437,-0.47566283116803915
2019-05-11 01:49:00,0.747,129,0.5805280332083573,-0.47010233211422847
2019-05-11 01:55:00,0.813,134,0.5848232576753233,-0.5647572551831648
2019-05-11 02:01:00,0.774,138,0.5179070893217563,-0.5751940949195031
2019-05-11 02:07:00,0.6990000000000001,132,0.5194582330086986,-0.46772229384484193
2019-05-11 02:13:00,0.725,132,0.5387799984711108,-0.4851196896101722
2019-05-11 02:19:00,0.8170000000000001,136,0.5675358886650007,-0.5877006168766782
2019-05-11 02:25:00,0.703,136,0.48834483443267496,-0.5056958796380718
2019-05-11 02:31:00,0.706,128,0.5563355920463458,-0.4346570015799147
2019-05-11 02:37:00,0.7509999999999999,130,0.5752993767823524,-0.482733494874591
2019-05-11 02:43:00,0.773,130,0.59215235453097,-0.4968748222876949
2019-05-11 02:49:00,0.785,135,0.5550788232314399,-0.5550788232314398
2019-05-11 02:55:00,0.674,130,0.5163139546621912,-0.43323884892872755
2019-05-11 03:01:00,0.7829999999999999,132,0.5818823983487996,-0.5239292647789859
2019-05-11 03:07:00,0.7879999999999999,128,0.6209524738420968,-0.48514124255661867
2019-05-11 03:13:00,0.6759999999999999,129,0.5253506699449123,-0.42542058434968993
2019-05-11 03:19:00,0.7879999999999999,129,0.6123910176280931,-0.49590446814727174
2019-05-11 03:25:00,0.7020000000000001,134,0.5049765398377332,-0.4876501760622162
2019-05-11 03:31:00,0.67,129,0.5206877941761706,-0.421644662003391
2019-05-11 03:37:00,0.62,130,0.4749475547337664,-0.3985283180056544
2019-05-11 03:43:00,0.633,127,0.5055362778599363,-0.38094890965524664
2019-05-11 03:49:00,0.7090000000000001,130,0.5431255101713555,-0.45573641526775643
2019-05-11 03:55:00,0.624,123,0.5233304343979446,-0.3398547578493769
2019-05-11 04:01:00,0.7020000000000001,126,0.5679299300512132,-0.4126252471093161
2019-05-11 04:07:00,0.735,133,0.5375449706900903,-0.5012687946459363
2019-05-11 04:13:00,0.569,133,0.416140256221308,-0.3880570668755615
2019-05-11 04:19:00,0.6829999999999999,123,0.5728119979067245,-0.37198846091526344
2019-05-11 04:25:00,0.753,133,0.5507093373192354,-0.5135447651270613
2019-05-11 04:31:00,0.5479999999999999,132,0.407243364361612,-0.36668357228465426
2019-05-11 04:37:00,0.7120000000000001,124,0.5902747516591897,-0.3981453472711717
2019-05-11 04:43:00,0.708,130,0.5423594657282365,-0.4550936276580698
2019-05-11 04:49:00,0.633,132,0.47041067452719054,-0.42355967382515725
2019-05-11 04:55:00,0.607,132,0.4510889090647783,-0.40616227805982696
2019-05-11 05:01:00,0.657,135,0.46456915523956177,-0.4645691552395617
2019-05-11 05:07:00,0.6409999999999999,138,0.42891271867602815,-0.47635583313100954
2019-05-11 05:13:00,0.47,146,0.26282066463125103,-0.3896476591008695
2019-05-11 05:19:00,0.359,126,0.2904371009806061,-0.21101490557299782
2019-05-11 05:25:00,0.589,118,0.5200561321939079,-0.27651875048088975
2019-05-11 05:31:00,0.701,126,0.5671209130568381,-0.41203746185702356
2019-05-11 05:37:00,0.563,129,0.43753317630027466,-0.35430738016105834
2019-05-11 05:43:00,0.634,132,0.471153819352668,-0.4242288044315161
2019-05-11 05:49:00,0.5760000000000001,135,0.40729350596345143,-0.4072935059634514
2019-05-11 05:55:00,0.391,141,0.24606427290048644,-0.30386407092967566
2019-05-11 06:01:00,0.516,118,0.4556009579152063,-0.24224732639751972
2019-05-11 06:07:00,0.7020000000000001,123,0.5887467386976878,-0.382336602580549
2019-05-11 06:13:00,0.626,131,0.47244819721945536,-0.4106929521480575
2019-05-11 06:19:00,0.502,132,0.3730587023896519,-0.33590356439214686
2019-05-11 06:25:00,0.556,125,0.45544853662467943,-0.3189084986111817
2019-05-11 06:31:00,0.611,125,0.500501899060574,-0.3504552026104892
2019-05-11 06:37:00,0.62,131,0.46791993973811874,-0.40675659797411445
2019-05-11 06:43:00,0.51,131,0.3849018859136138,-0.33459010478515866
2019-05-11 06:49:00,0.516,131,0.3894301433949504,-0.3385264589591017
2019-05-11 06:55:00,0.5539999999999999,131,0.41810910744341573,-0.36345670206074093
2019-05-11 07:01:00,0.589,135,0.4164858941188765,-0.41648589411887643
2019-05-11 07:07:00,0.555,138,0.3713674865291664,-0.4124453781399538
2019-05-11 07:13:00,0.5379999999999999,141,0.3385743703848125,-0.4181045272638503
2019-05-11 07:19:00,0.406,141,0.255504078766234,-0.3155212603515302
2019-05-11 07:25:00,0.275,113,0.2531388346994211,-0.1074510603345503
2019-05-11 07:31:00,0.603,122,0.5113730019823249,-0.3195413163326225
2019-05-11 07:37:00,0.63,125,0.5160657879020648,-0.3613531549011591
2019-05-11 07:43:00,0.536,127,0.4280686333853489,-0.32257285240949796
2019-05-11 07:49:00,0.542,129,0.4212131111096783,-0.3410916519490118
2019-05-11 07:55:00,0.516,130,0.3952789326493927,-0.3316784065982543
2019-05-11 08:01:00,0.474,129,0.36836718573060423,-0.29829786535762287
2019-05-11 08:07:00,0.535,132,0.39758248163040594,-0.3579848744019892
2019-05-11 08:13:00,0.507,132,0.3767744265170389,-0.33924921742394115
2019-05-11 08:19:00,0.563,139,0.36936123332165555,-0.4249014936654206
2019-05-11 08:25:00,0.484,140,0.3111092030882851,-0.3707655104695853
2019-05-11 08:31:00,0.349,125,0.2858840634568581,-0.2001781762865151
2019-05-11 08:37:00,0.44799999999999995,118,0.3955605216007992,-0.21032326012807911
2019-05-11 08:43:00,0.606,121,0.5194433842254801,-0.3121130733954929
2019-05-11 08:49:00,0.5920000000000001,125,0.48493801021908317,-0.33955725031981937
2019-05-11 08:55:00,0.5429999999999999,126,0.4392962279455964,-0.3191673919948128
2019-05-11 09:01:00,0.521,126,0.42149785406934764,-0.3062361164443785
2019-05-11 09:07:00,0.467,128,0.3680010219343392,-0.28751390897708246
2019-05-11 09:13:00,0.498,126,0.40289046319872385,-0.29271705564165157
2019-05-11 09:19:00,0.462,129,0.3590414341931206,-0.29074602066502486
2019-05-11 09:25:00,0.513,130,0.3929807993200357,-0.3297500437691947
2019-05-11 09:31:00,0.509,135,0.3599173516239527,-0.35991735162395266
2019-05-11 09:37:00,0.585,143,0.35206178854394815,-0.46720177337766633
2019-05-11 09:43:00,0.313,122,0.26543905409696134,-0.1658647297049931
2019-05-11 09:49:00,0.6,122,0.5088288576938557,-0.31795155853992285
2019-05-11 09:55:00,0.674,124,0.5587713239020982,-0.37689601693928326
2019-05-11 10:01:00,0.57,127,0.45522224072695683,-0.34303456319666753
2019-05-11 10:07:00,0.5720000000000001,128,0.45074215106304505,-0.3521583638862766
2019-05-11 10:13:00,0.5660000000000001,129,0.4398646141846456,-0.35619534133420794
2019-05-11 10:19:00,0.528,132,0.39238046785206415,-0.35330096015747714
2019-05-11 10:25:00,0.588,133,0.43003597655207226,-0.401015035716749
2019-05-11 10:31:00,0.526,130,0.4029393770805825,-0.3381062826951197
2019-05-11 10:37:00,0.563,127,0.44963179215662574,-0.3388218580346032
2019-05-11 10:43:00,0.5529999999999999,126,0.44738639788934587,-0.32504524451773753
2019-05-11 10:49:00,0.515,128,0.40582553810746186,-0.317065659792714
2019-05-11 10:55:00,0.557,130,0.4266867548172708,-0.35803269859540243
2019-05-11 11:01:00,0.47200000000000003,128,0.37194107570237284,-0.29059221635371074
2019-05-11 11:07:00,0.544,126,0.44010524493997144,-0.31975517724710534
2019-05-11 11:13:00,0.51,125,0.41776754258738574,-0.29252398253903356
2019-05-11 11:19:00,0.491,127,0.3921300354332207,-0.29549117636765576
2019-05-11 11:25:00,0.49700000000000005,127,0.39692184849350454,-0.29910206650656807
2019-05-11 11:31:00,0.519,130,0.3975770659787496,-0.33360676942731393
2019-05-11 11:37:00,0.408,124,0.338247329602457,-0.22815070461606463
2019-05-11 11:43:00,0.52,124,0.4310995377286217,-0.2907803098047883
2019-05-11 11:49:00,0.541,129,0.42043596514822135,-0.340462331557962
2019-05-11 11:55:00,0.475,125,0.389097221037271,-0.2724488072667469
2019-05-11 12:01:00,0.517,127,0.41289455869445035,-0.311138366969609
2019-05-11 12:07:00,0.48100000000000004,128,0.3790331724848333,-0.29613316963164166
2019-05-11 12:13:00,0.511,129,0.3971215863045122,-0.32158271982646686
2019-05-11 12:19:00,0.484,130,0.37076551046958534,-0.31110920308828505
2019-05-11 12:25:00,0.45799999999999996,132,0.3403603300686465,-0.30646181771235703
2019-05-11 12:31:00,0.452,131,0.341128730260693,-0.29653868110370923
2019-05-11 12:37:00,0.409,125,0.3350331861141976,-0.23459276246757788
2019-05-11 12:43:00,0.435,124,0.36063134406144315,-0.2432489130097748
2019-05-11 12:49:00,0.48100000000000004,128,0.3790331724848333,-0.29613316963164166
2019-05-11 12:55:00,0.49,130,0.3753617771282992,-0.3149659287464043
2019-05-11 13:01:00,0.47600000000000003,129,0.36992147765351824,-0.29955650613972257
2019-05-11 13:07:00,0.441,131,0.3328269248782425,-0.28932203178481364
2019-05-11 13:13:00,0.397,129,0.3085269466984175,-0.2498401952467854
2019-05-11 13:19:00,0.35200000000000004,127,0.28111969953664706,-0.21183888814952104
2019-05-11 13:25:00,0.391,130,0.29952337725952044,-0.2513299553874369
2019-05-11 13:31:00,0.39899999999999997,132,0.29651478536548026,-0.26698311193718444
2019-05-11 13:37:00,0.327,130,0.2504965328999058,-0.21019154836749837
2019-05-11 13:43:00,0.32799999999999996,134,0.23594345451107754,-0.2278479455105511
2019-05-11 13:49:00,0.324,137,0.22096746866024952,-0.23695859932461125
2019-05-11 13:55:00,0.31,138,0.20743048797124608,-0.23037489589799218
2019-05-11 14:01:00,0.26,140,0.16712477851850027,-0.19917155521093427
2019-05-11 14:07:00,0.18600000000000003,124,0.15420098849523778,-0.1040098800455589
2019-05-11 14:13:00,0.377,124,0.31254716485325074,-0.2108157246084715
2019-05-11 14:19:00,0.47600000000000003,126,0.385092089322475,-0.2797857800912172
2019-05-11 14:25:00,0.373,128,0.2939280110953073,-0.22964173029647053
2019-05-11 14:31:00,0.326,131,0.24603532315262372,-0.21387524345090533
2019-05-11 14:37:00,0.29600000000000004,132,0.21997086834130872,-0.19806265948222207
2019-05-11 14:43:00,0.285,134,0.20501184309651554,-0.19797763558081424
2019-05-11 14:49:00,0.258,131,0.1947150716974752,-0.16926322947955086
2019-05-11 14:55:00,0.242,128,0.1906986023728267,-0.14899007702880931
2019-05-11 15:01:00,0.24100000000000002,131,0.1818850088336881,-0.15811022598671223
2019-05-11 15:07:00,0.213,125,0.17447938543355523,-0.12217178094277283
2019-05-11 15:13:00,0.21100000000000002,126,0.17070258581311393,-0.12402268823371182
2019-05-11 15:19:00,0.18100000000000002,121,0.15514728142708234,-0.09322189155871984
2019-05-11 15:25:00,0.165,130,0.1263973331146314,-0.106059955598279
2019-05-11 15:31:00,0.18,133,0.1316436662914507,-0.1227597048112497
2019-05-11 15:37:00,0.17,129,0.13211481344768508,-0.10698446647847235
2019-05-11 15:43:00,0.147,133,0.10750899413801807,-0.10025375892918725
2019-05-11 15:49:00,0.14300000000000002,127,0.11420487793676287,-0.08605954831074293
2019-05-11 15:55:00,0.126,122,0.10685406011570968,-0.06676982729338381
2019-05-11 16:01:00,0.081,132,0.06019473086366894,-0.054199579115067516
2019-05-11 16:07:00,0.062,151,0.030058196455272905,-0.054226421842642536
2019-05-11 16:13:00,0.03,140,0.019283628290596183,-0.022981333293569335
2019-05-11 16:19:00,0.077,164,0.02122407639790894,-0.07401715058725056
2019-05-11 16:25:00,0.043,182,-0.0015006783582075386,-0.042973805561821114
2019-05-11 16:31:00,0.019,262,-0.018815093306089836,-0.0026442889182412507
2019-05-11 16:37:00,0.034,308,-0.026792365622628544,0.02093249016107239
2019-05-11 16:43:00,0.055,281,-0.05398949508962151,0.010494494745709982
2019-05-11 16:49:00,0.11,301,-0.09428840307723235,0.05665418824010596
2019-05-11 16:55:00,0.067,240,-0.058023702053557384,-0.03350000000000003
2019-05-11 17:01:00,0.129,305,-0.10567061371327995,0.07399136028928494
2019-05-11 17:07:00,0.086,296,-0.07729628798172836,0.037699918623860657
2019-05-11 17:13:00,0.07200000000000001,309,-0.0559545092249019,0.0453110681555883
2019-05-11 17:19:00,0.153,304,-0.12684274860092137,0.0855565142310243
2019-05-11 17:25:00,0.226,296,-0.20312745446361175,0.0990718791743315
2019-05-11 17:31:00,0.368,319,-0.2414297226685067,0.27773312552198004
2019-05-11 17:37:00,0.27699999999999997,316,-0.19242036861714232,0.19925712469380627
2019-05-11 17:43:00,0.33,315,-0.23334523779156074,0.23334523779156063
2019-05-11 17:49:00,0.36200000000000004,319,-0.2374933684945637,0.2732048680406435
2019-05-11 17:55:00,0.4,316,-0.27786334818359903,0.28773592013546034
2019-05-11 18:01:00,0.358,316,-0.24868769662432114,0.257523648521237
2019-05-11 18:07:00,0.387,315,-0.27365032431919395,0.27365032431919384
2019-05-11 18:13:00,0.428,318,-0.28638789952159127,0.3180659853043247
2019-05-11 18:19:00,0.39899999999999997,317,-0.2721173456649368,0.2918101269460491
2019-05-11 18:25:00,0.384,318,-0.2569461528418015,0.2853676129833194
2019-05-11 18:31:00,0.34,314,-0.24457553211514138,0.2361838459560591
2019-05-11 18:37:00,0.392,321,-0.24669359329153645,0.3046412168911325
2019-05-11 18:43:00,0.386,318,-0.25828441405451924,0.2868539026342742
2019-05-11 18:49:00,0.375,321,-0.2359951466436892,0.291429735546364
2019-05-11 18:55:00,0.354,317,-0.24142741946212437,0.2588992103731864
2019-05-11 19:01:00,0.302,315,-0.2135462479183374,0.2135462479183373
2019-05-11 19:07:00,0.32,318,-0.2141217940348346,0.23780634415276616
2019-05-11 19:13:00,0.244,319,-0.1600784030736838,0.18414913757435633
2019-05-11 19:19:00,0.247,314,-0.17767693068364682,0.1715806175033723
2019-05-11 19:25:00,0.212,349,-0.04045150701982747,0.20810496289090474
2019-05-11 19:31:00,0.055999999999999994,243,-0.04989636535454859,-0.025423467985414623
2019-05-11 19:37:00,0.023,182,-0.0008026884241575207,-0.022985989021439203
2019-05-11 19:43:00,0.034,55,0.027851169505825724,0.019501598835935566
2019-05-11 19:49:00,0.054000000000000006,98,0.053474475712044806,-0.00751534745184353
2019-05-11 19:55:00,0.08,109,0.07564148604794535,-0.026045452356572532
2019-05-11 20:01:00,0.146,140,0.09384699101423476,-0.11184248869537076
2019-05-11 20:07:00,0.18899999999999997,147,0.10293677761784015,-0.1585087373416851
2019-05-11 20:13:00,0.235,148,0.12453102709480314,-0.1992913025967601
2019-05-11 20:19:00,0.225,148,0.11923183445247111,-0.19081082163519583
2019-05-11 20:25:00,0.28300000000000003,138,0.18936396159955693,-0.21030998561010256
2019-05-11 20:31:00,0.32,145,0.1835444596323347,-0.26212865417247744
2019-05-11 20:37:00,0.332,140,0.21340548641593113,-0.2543267551155007
2019-05-11 20:43:00,0.34700000000000003,141,0.2183741756942936,-0.2696696486255689
2019-05-11 20:49:00,0.365,140,0.2346174775355869,-0.2796062217384269
2019-05-11 20:55:00,0.415,141,0.2611679622856825,-0.3225155740046429
2019-05-11 21:01:00,0.43700000000000006,140,0.2808981854330178,-0.3347614216429934
2019-05-11 21:07:00,0.45299999999999996,140,0.29118278718800233,-0.34701813273289694
2019-05-11 21:13:00,0.442,134,0.3179481917496838,-0.30703899974287685
2019-05-11 21:19:00,0.5379999999999999,137,0.3669151177136241,-0.3934682914711137
2019-05-11 21:25:00,0.434,133,0.31740750650272004,-0.2959872882671243
2019-05-11 21:31:00,0.536,134,0.385566132981517,-0.3723368865660226
2019-05-11 21:37:00,0.513,133,0.3751844489306345,-0.3498651587120617
2019-05-11 21:43:00,0.45899999999999996,134,0.3301769683554408,-0.31884819204067977
2019-05-11 21:49:00,0.456,133,0.33349728793834177,-0.31099125218849927
2019-05-11 21:55:00,0.325,140,0.20890597314812534,-0.24896444401366782
2019-05-11 22:01:00,0.39299999999999996,137,0.26802535550456186,-0.28742200473633395
2019-05-11 22:07:00,0.413,144,0.24275530919679145,-0.3341240186768532
2019-05-11 22:13:00,0.42200000000000004,132,0.3136071163514604,-0.2823731158834382
2019-05-11 22:19:00,0.5760000000000001,131,0.4347127182083168,-0.3778900006985322
2019-05-11 22:25:00,0.52,125,0.4259590630302757,-0.29825974690254403
2019-05-11 22:31:00,0.518,131,0.39093956255539597,-0.3398385770170827
2019-05-11 22:43:00,0.54,132,0.4012982057577929,-0.36133052743378347
2019-05-11 22:49:00,0.506,132,0.37603128169156147,-0.3385800868175823
2019-05-11 22:55:00,0.62,128,0.48856666723616765,-0.38171011470190813
2019-05-11 23:01:00,0.56,130,0.4289848881466277,-0.3599610614244621
2019-05-11 23:07:00,0.516,127,0.4120959231844031,-0.31053655194645696
2019-05-11 23:13:00,0.627,133,0.45855877091521996,-0.4276129717591865
2019-05-11 23:19:00,0.54,129,0.4196588191867644,-0.33983301116691217
2019-05-11 23:25:00,0.545,136,0.3785888119001535,-0.392040191184565
2019-05-11 23:31:00,0.46799999999999997,138,0.3131531237759457,-0.34779177832342045
2019-05-11 23:37:00,0.632,130,0.48414008805119413,-0.4062417693218929
2019-05-11 23:43:00,0.5920000000000001,134,0.4258491618004815,-0.4112377553117265
2019-05-11 23:49:00,0.57,136,0.3959552711616283,-0.4100236861930312
2019-05-11 23:55:00,0.521,129,0.40489304591908193,-0.3278759237369652
2019-05-12 00:01:00,0.5920000000000001,134,0.4258491618004815,-0.4112377553117265
2019-05-12 00:07:00,0.517,132,0.38420587477181284,-0.34594052348752974
2019-05-12 00:13:00,0.5760000000000001,131,0.4347127182083168,-0.3778900006985322
2019-05-12 00:19:00,0.552,134,0.3970755697869354,-0.38345142049336656
2019-05-12 00:25:00,0.506,126,0.4093625991537234,-0.29741933765999135
2019-05-12 00:31:00,0.473,127,0.37775459625236946,-0.28465850595091885
2019-05-12 00:37:00,0.613,134,0.4409552976075931,-0.42582558109136537
2019-05-12 00:43:00,0.519,134,0.37333735637575993,-0.3605276942682196
2019-05-12 00:49:00,0.5429999999999999,126,0.4392962279455964,-0.3191673919948128
2019-05-12 00:55:00,0.524,132,0.3894078885501546,-0.3506244377320417
2019-05-12 01:01:00,0.537,130,0.4113658659548912,-0.3451769464016717
2019-05-12 01:07:00,0.616,128,0.48541462422174075,-0.3792474688006055
2019-05-12 01:13:00,0.599,132,0.4451437504609591,-0.40080923320895606
2019-05-12 01:19:00,0.5660000000000001,136,0.39317663767979244,-0.4071463269916767
2019-05-12 01:25:00,0.56,134,0.40283028818964467,-0.38900868745703854
2019-05-12 01:31:00,0.5579999999999999,135,0.3945655839020935,-0.39456558390209345
2019-05-12 01:37:00,0.5529999999999999,135,0.39103004999616076,-0.3910300499961607
2019-05-12 01:43:00,0.5710000000000001,137,0.3894210635956867,-0.41760296362454635
2019-05-12 01:49:00,0.49700000000000005,139,0.32606133740828214,-0.3750906613707177
2019-05-12 01:55:00,0.529,137,0.3607771324730617,-0.3868861081565412
2019-05-12 02:01:00,0.583,142,0.3589306401148588,-0.45941026935271884
2019-05-12 02:07:00,0.542,141,0.34109165194901186,-0.42121311110967824
2019-05-12 02:13:00,0.521,143,0.3135456270622171,-0.4160891007346396
2019-05-12 02:19:00,0.414,143,0.24915141958494794,-0.3306351011595793
2019-05-12 02:25:00,0.32299999999999995,130,0.24743235512742986,-0.2076203979287522
2019-05-12 02:31:00,0.561,129,0.43597888437736076,-0.35304873937895875
2019-05-12 02:37:00,0.515,131,0.38867543381472763,-0.3378703999301112
2019-05-12 02:43:00,0.52,135,0.36769552621700474,-0.3676955262170047
2019-05-12 02:49:00,0.469,135,0.3316330803764908,-0.33163308037649075
2019-05-12 02:55:00,0.509,139,0.3339340457561682,-0.38414717633339096
2019-05-12 03:01:00,0.536,142,0.3299945507745529,-0.422373763933203
2019-05-12 03:07:00,0.531,143,0.3195637772937376,-0.4240754558351126
2019-05-12 03:13:00,0.419,145,0.24032852683108824,-0.3432247065570876
2019-05-12 03:19:00,0.153,138,0.10237698277290533,-0.1137011582980413
2019-05-12 03:25:00,0.354,122,0.3002090260393748,-0.1875914195385545
2019-05-12 03:31:00,0.495,128,0.39006532303532737,-0.30475243028620086
2019-05-12 03:37:00,0.48200000000000004,133,0.35251248418044023,-0.32872320955012424
2019-05-12 03:43:00,0.48,137,0.32735921282999925,-0.3510497767772018
2019-05-12 03:49:00,0.522,142,0.3213752901199937,-0.41134161338270886
2019-05-12 03:55:00,0.39799999999999996,144,0.23393853041240434,-0.32198876376122904
2019-05-12 04:01:00,0.257,126,0.2079173675543615,-0.15106080983916556
2019-05-12 04:07:00,0.43799999999999994,125,0.3587885953985783,-0.25122647912175816
2019-05-12 04:13:00,0.44799999999999995,133,0.32764645832538836,-0.30553526530799924
2019-05-12 04:19:00,0.436,136,0.3028710495201227,-0.31363215294765195
2019-05-12 04:25:00,0.46299999999999997,136,0.32162682552251565,-0.33305432755679554
2019-05-12 04:31:00,0.469,137,0.3198572308693118,-0.34300488605939095
2019-05-12 04:37:00,0.409,135,0.28920667350529794,-0.2892066735052979
2019-05-12 04:43:00,0.456,135,0.3224406922210657,-0.32244069222106564
2019-05-12 04:49:00,0.423,135,0.2991061684419096,-0.29910616844190957
2019-05-12 04:55:00,0.495,138,0.3312196501476349,-0.3678566886113101
2019-05-12 05:01:00,0.326,136,0.22645862876963307,-0.23450477491040034
2019-05-12 05:07:00,0.376,126,0.30419038988498026,-0.22100725486196987
2019-05-12 05:13:00,0.457,130,0.350082310505373,-0.2937539376267485
2019-05-12 05:19:00,0.441,134,0.31722885194934514,-0.30634434137241784
2019-05-12 05:25:00,0.496,139,0.3254052783792916,-0.3743359517904949
2019-05-12 05:31:00,0.451,142,0.27766332537187194,-0.3553928498766316
2019-05-12 05:37:00,0.335,134,0.24097883311344812,-0.23271055410376412
2019-05-12 05:43:00,0.39899999999999997,133,0.291810126946049,-0.27211734566493684
2019-05-12 05:49:00,0.423,132,0.31435026117693776,-0.28304224648979703
2019-05-12 05:55:00,0.41200000000000003,131,0.31094034705178214,-0.270296319944089
2019-05-12 06:01:00,0.431,127,0.34421190483038316,-0.25938227497853283
2019-05-12 06:07:00,0.47200000000000003,135,0.33375440072005047,-0.3337544007200504
2019-05-12 06:13:00,0.447,136,0.31051229159517174,-0.32154489075137715
2019-05-12 06:19:00,0.5379999999999999,138,0.3599922662210657,-0.399811916106838
2019-05-12 06:25:00,0.516,133,0.377378510035492,-0.3519111537922492
2019-05-12 06:31:00,0.473,138,0.31649877680773997,-0.3515075024508074
2019-05-12 06:37:00,0.491,137,0.33486119479068677,-0.3590946674950127
2019-05-12 06:43:00,0.466,143,0.28044580078885445,-0.37216414768203854
2019-05-12 06:49:00,0.315,132,0.2340906200253792,-0.21077614100304035
2019-05-12 06:55:00,0.47200000000000003,127,0.3769559607423222,-0.28405669092776686
2019-05-12 07:01:00,0.45299999999999996,132,0.33664460594125956,-0.30311616468056274
2019-05-12 07:07:00,0.475,138,0.3178370380204577,-0.3529937921017622
2019-05-12 07:13:00,0.43700000000000006,133,0.3196015676075776,-0.29803328334731183
2019-05-12 07:19:00,0.431,131,0.32527982907601477,-0.28276144149490856
2019-05-12 07:25:00,0.469,128,0.3695770434415526,-0.2887452319277337
2019-05-12 07:31:00,0.466,131,0.3516946643838118,-0.30572350750957633
2019-05-12 07:37:00,0.47100000000000003,132,0.3500212127998527,-0.31516051559502223
2019-05-12 07:43:00,0.505,137,0.3444091718315617,-0.3693336193176811
2019-05-12 07:49:00,0.449,131,0.3388646015200247,-0.29457050401673773
2019-05-12 07:55:00,0.5489999999999999,134,0.3949175503859194,-0.3813674453819895
2019-05-12 08:01:00,0.467,133,0.34154217865615266,-0.31849323414918673
2019-05-12 08:07:00,0.466,132,0.34630548867246574,-0.31181486256322793
2019-05-12 08:13:00,0.47700000000000004,134,0.3431250847615366,-0.33135204270894175
2019-05-12 08:19:00,0.521,133,0.3810352785435879,-0.35532114559256167
2019-05-12 08:25:00,0.552,135,0.3903229432149743,-0.39032294321497424
2019-05-12 08:31:00,0.41,130,0.31407822167878097,-0.2635429199714811
2019-05-12 08:37:00,0.504,130,0.3860863993319649,-0.32396495528201585
2019-05-12 08:43:00,0.53,132,0.39386675750301897,-0.3546392213701949
2019-05-12 08:49:00,0.473,126,0.3826650383393501,-0.2780224243343397
2019-05-12 08:55:00,0.53,131,0.39999607751806926,-0.3477112853649688
2019-05-12 09:01:00,0.5429999999999999,135,0.3839589821842953,-0.3839589821842952
2019-05-12 09:07:00,0.503,132,0.3738018472151293,-0.3365726949985057
2019-05-12 09:13:00,0.531,130,0.40676959929617734,-0.3413202207435524
2019-05-12 09:19:00,0.47700000000000004,130,0.36540319936775256,-0.3066096898204793
2019-05-12 09:25:00,0.532,129,0.4134416514951086,-0.33479844803851344
2019-05-12 09:31:00,0.45899999999999996,125,0.37599078832864713,-0.26327158428513014
2019-05-12 09:37:00,0.462,127,0.3689696056418493,-0.27803854069624634
2019-05-12 09:43:00,0.465,136,0.32301614226343367,-0.3344930071574729
2019-05-12 09:49:00,0.408,134,0.29349063853816965,-0.2834206151472709
2019-05-12 09:55:00,0.37200000000000005,125,0.30472456047550495,-0.2133704343225892
2019-05-12 10:01:00,0.474,128,0.3735170972095862,-0.291823539304362
2019-05-12 10:07:00,0.40700000000000003,125,0.3333948820256196,-0.2334456095948758
2019-05-12 10:13:00,0.358,122,0.3036012184240005,-0.1897110965954873
2019-05-12 10:19:00,0.47100000000000003,130,0.3608069327090387,-0.3027529641623601
2019-05-12 10:25:00,0.451,135,0.31890515831513294,-0.3189051583151329
2019-05-12 10:31:00,0.508,132,0.3775175713425163,-0.33991834803029997
2019-05-12 10:37:00,0.462,131,0.34867582606292075,-0.3030992713936143
2019-05-12 10:43:00,0.43799999999999994,131,0.33056279613757417,-0.2873538546978421
2019-05-12 10:49:00,0.424,126,0.34302320561497773,-0.24922094697200856
2019-05-12 10:55:00,0.46399999999999997,132,0.3448191990215109,-0.3104766013505102
2019-05-12 11:01:00,0.42200000000000004,135,0.2983990616607231,-0.29839906166072305
2019-05-12 11:07:00,0.462,129,0.3590414341931206,-0.29074602066502486
2019-05-12 11:13:00,0.484,127,0.38653958686288964,-0.2912784712055914
2019-05-12 11:19:00,0.423,127,0.3378228207500048,-0.25456775479331645
2019-05-12 11:25:00,0.415,133,0.3035117861719558,-0.2830293194259368
2019-05-12 11:31:00,0.382,130,0.2926289772714496,-0.24554486690025804
2019-05-12 11:37:00,0.373,125,0.3055437125197939,-0.2139440107589402
2019-05-12 11:43:00,0.34,124,0.2818727746687142,-0.19012558718005387
2019-05-12 11:49:00,0.39,132,0.28982648193618377,-0.2609609364799547
2019-05-12 11:55:00,0.324,128,0.25531548416857797,-0.1994743180055133
2019-05-12 12:01:00,0.37200000000000005,122,0.31547389177019053,-0.1971299662947522
2019-05-12 12:07:00,0.307,127,0.24518110158451886,-0.18475721210767884
2019-05-12 12:13:00,0.354,134,0.2546462893198825,-0.24590906314248506
2019-05-12 12:19:00,0.28300000000000003,139,0.18566470520431358,-0.2135828112030445
2019-05-12 12:25:00,0.3,132,0.22294344764321827,-0.20073918190765747
2019-05-12 12:31:00,0.366,139,0.24011760461052567,-0.27622370636153454
2019-05-12 12:37:00,0.335,133,0.24500349004242217,-0.22846945062093696
2019-05-12 12:43:00,0.17600000000000002,124,0.14591061276968736,-0.09841795101085142
2019-05-12 12:49:00,0.235,127,0.1876793448611138,-0.14142653044073136
2019-05-12 12:55:00,0.312,137,0.21278348833949953,-0.22818235490518118
2019-05-12 13:01:00,0.245,140,0.15748296437320217,-0.18768088856414958
2019-05-12 13:07:00,0.237,139,0.1554859898707502,-0.17886617051279696
2019-05-12 13:13:00,0.29600000000000004,129,0.23003520459126345,-0.18627883575075185
2019-05-12 13:19:00,0.256,125,0.20970292333798188,-0.1468355677058678
2019-05-12 13:25:00,0.17800000000000002,132,0.1322797789349762,-0.11910524793187678
2019-05-12 13:31:00,0.22,131,0.16603610764900986,-0.1443329863779116
2019-05-12 13:37:00,0.18,136,0.12503850668261948,-0.12948116406095722
2019-05-12 13:43:00,0.128,144,0.07523651229343657,-0.10355417527999326
2019-05-12 13:49:00,0.099,136,0.06877117867544072,-0.07121464023352649
2019-05-12 13:55:00,0.16699999999999998,133,0.12213606817040147,-0.11389372613043722
2019-05-12 14:01:00,0.319,144,0.18750349548129897,-0.2580764212056082
2019-05-12 14:07:00,0.282,132,0.20956684078462515,-0.188694830993198
2019-05-12 14:13:00,0.35200000000000004,122,0.298512929847062,-0.1865315810100881
2019-05-12 14:19:00,0.23,131,0.1735832034512376,-0.15089357666781666
2019-05-12 14:25:00,0.222,143,0.13360293513975469,-0.17729708323049903
2019-05-12 14:31:00,0.218,141,0.13719184524886455,-0.16941781959761965
2019-05-12 14:37:00,0.217,136,0.15074086638960238,-0.15609673667348734
2019-05-12 14:43:00,0.192,131,0.14490423940277225,-0.12596333356617737
2019-05-12 14:49:00,0.166,120,0.14376021702821684,-0.08299999999999996
2019-05-12 14:55:00,0.12300000000000001,133,0.08995650529915798,-0.0838857982876873
2019-05-12 15:01:00,0.10300000000000001,142,0.06341313195854283,-0.08116510762149236
2019-05-12 15:07:00,0.182,149,0.0937369296336299,-0.15600444872778443
2019-05-12 15:13:00,0.147,133,0.10750899413801807,-0.10025375892918725
2019-05-12 15:19:00,0.102,121,0.08743106467161545,-0.052533883640825535
2019-05-12 15:25:00,0.055,112,0.05099511200117331,-0.020603362637875162
2019-05-12 15:31:00,0.07,138,0.04683914244512009,-0.052020137783417596
2019-05-12 15:37:00,0.08199999999999999,150,0.04099999999999999,-0.07101408311032396
2019-05-12 15:43:00,0.075,154,0.032877836009180796,-0.06740955347243753
2019-05-12 15:49:00,0.081,122,0.06869189578867052,-0.042923460402889586
2019-05-12 15:55:00,0.087,112,0.0806649953473105,-0.03259077362718435
2019-05-12 16:01:00,0.07,136,0.0486260859321298,-0.0503537860237056
2019-05-12 16:07:00,0.18,144,0.10580134541264519,-0.1456230589874905
2019-05-12 16:13:00,0.156,125,0.1277877189090827,-0.0894779240707632
2019-05-12 16:19:00,0.098,119,0.0857127312996608,-0.04751134278414103
2019-05-12 16:25:00,0.07,140,0.04499513267805777,-0.05362311101832846
2019-05-12 16:31:00,0.10800000000000001,124,0.08953605783594452,-0.06039283357484065
2019-05-12 16:37:00,0.054000000000000006,125,0.044234210391605557,-0.030973127562956497
2019-05-12 16:43:00,0.045,125,0.03686184199300462,-0.025810939635797076
2019-05-12 16:49:00,0.031,121,0.026572186321765483,-0.01596618032221168
2019-05-12 16:55:00,0.039,310,-0.029875733281640147,0.02506871677777503
2019-05-12 17:01:00,0.031,320,-0.019926415900282726,0.02374737773668831
2019-05-12 17:07:00,0.07200000000000001,319,-0.047236250087316536,0.05433908977603958
2019-05-12 17:13:00,0.11,319,-0.07216649318895581,0.0830180538245049
2019-05-12 17:19:00,0.2,315,-0.14142135623730953,0.14142135623730948
2019-05-12 17:25:00,0.18899999999999997,313,-0.1382258496060232,0.1288976900518122
2019-05-12 17:31:00,0.24600000000000002,306,-0.19901818061623713,0.14459517206394834
2019-05-12 17:37:00,0.325,314,-0.2337854351100616,0.22576397039917412
2019-05-12 17:43:00,0.221,301,-0.18943397345516683,0.11382341455512197
2019-05-12 17:49:00,0.303,310,-0.23211146626505036,0.1947646457350214
2019-05-12 17:55:00,0.21600000000000003,308,-0.17021032277905193,0.13298287867034225
2019-05-12 18:01:00,0.196,317,-0.13367167857224965,0.14334532551735746
2019-05-12 18:07:00,0.22899999999999998,320,-0.14719836261821756,0.1754241774742459
2019-05-12 18:13:00,0.066,77,0.06430842427582553,0.014846769586695086
2019-05-12 18:19:00,0.085,326,-0.04753139679501346,0.07046819366717856
2019-05-12 18:25:00,0.168,304,-0.139278312189247,0.0939444077830855
2019-05-12 18:31:00,0.193,320,-0.12405800866950215,0.14784657752196273
2019-05-12 18:37:00,0.17300000000000001,307,-0.1381639432381817,0.1041139990053043
2019-05-12 18:43:00,0.16,311,-0.12075353283564356,0.10496944463848112
2019-05-12 18:49:00,0.174,314,-0.12516512525892529,0.12087055645986551
2019-05-12 18:55:00,0.226,311,-0.17056436513034653,0.1482693405518546
2019-05-12 19:01:00,0.12,294,-0.10962545491711213,0.04880839716909597
2019-05-12 19:07:00,0.19,314,-0.1366745620643437,0.13198509038720949
2019-05-12 19:13:00,0.124,326,-0.06933992003037258,0.1028006589968252
2019-05-12 19:19:00,0.08900000000000001,324,-0.052312887454030135,0.07200251249937033
2019-05-12 19:25:00,0.10400000000000001,177,0.005442939449266156,-0.10385747161447569
2019-05-12 19:31:00,0.228,317,-0.1554956260942496,0.1667486439691709
2019-05-12 19:37:00,0.139,312,-0.10329713074135785,0.09300915428388125
2019-05-12 19:43:00,0.099,306,-0.08009268244311982,0.05819073997695482
2019-05-12 19:55:00,0.078,309,-0.06061738499364372,0.04908699050188733
2019-05-12 20:01:00,0.134,320,-0.08613353969799631,0.10264995537794303
2019-05-12 20:07:00,0.20600000000000002,317,-0.14049166217287465,0.15065886253354918
2019-05-12 20:13:00,0.146,303,-0.12244590292003193,0.07951729911219388
2019-05-12 20:25:00,0.11900000000000001,327,-0.06481204516678822,0.09980179758550548
2019-05-12 20:31:00,0.162,324,-0.09522121087138069,0.13106075308874146
2019-05-12 20:37:00,0.078,306,-0.06310332556124591,0.04584724967881289
2019-05-12 20:43:00,0.109,286,-0.10477752485727675,0.030044471784052933
2019-05-12 20:49:00,0.13,300,-0.11258330249197702,0.06500000000000002
2019-05-12 20:55:00,0.115,312,-0.08546165492990038,0.07695001973126865
2019-05-12 21:01:00,0.064,325,-0.03670889192646697,0.05242573083449546
2019-05-12 21:07:00,0.087,326,-0.04864978260195495,0.07212626881228863
2019-05-12 21:13:00,0.071,134,0.05107312582404422,-0.04932074430258881
2019-05-12 21:19:00,0.040999999999999995,125,0.03358523381584865,-0.02351663389039289
2019-05-12 21:25:00,0.071,156,0.028878301658381827,-0.06486172749262464
2019-05-12 21:31:00,0.19,146,0.10624665165944192,-0.15751713878545792
2019-05-12 21:37:00,0.154,148,0.08160756669191355,-0.1305994068080896
2019-05-12 21:43:00,0.134,157,0.052357971217562686,-0.12334765036262701
2019-05-12 21:49:00,0.17300000000000001,151,0.08387206430261633,-0.15130920933511546
2019-05-12 21:55:00,0.13699999999999998,167,0.03081829444510953,-0.13348869887557718
2019-05-12 22:07:00,0.198,135,0.1400071426749364,-0.1400071426749364
2019-05-12 22:13:00,0.19699999999999998,147,0.10729388989796036,-0.1652181018852485
2019-05-12 22:19:00,0.7709999999999999,137,0.5258207356081862,-0.5638737039483803
2019-05-12 22:25:00,0.247,153,0.11213565343566807,-0.22007861147452684
2019-05-12 22:31:00,0.313,137,0.21346548669956203,-0.22891370860680035
2019-05-12 22:37:00,0.29600000000000004,141,0.18627883575075188,-0.23003520459126342
2019-05-12 22:43:00,0.267,143,0.16068461118159685,-0.21323568118262723
2019-05-12 22:49:00,0.21600000000000003,140,0.13884212369229254,-0.16546559971369926
2019-05-12 22:55:00,0.19699999999999998,157,0.07697403231238692,-0.18133945613013075
2019-05-12 23:01:00,0.16699999999999998,141,0.10509650530532283,-0.12978337556331412
2019-05-12 23:07:00,0.239,140,0.15362623871508294,-0.1830846219054357
2019-05-12 23:13:00,0.26,145,0.14912987345127196,-0.2129795315151379
2019-05-12 23:19:00,0.35700000000000004,143,0.21484796326528122,-0.2851128770868836
2019-05-12 23:25:00,0.348,152,0.16337610384948995,-0.30726576231490654
2019-05-12 23:37:00,0.293,136,0.20353490254448614,-0.21076656149922482
2019-05-12 23:43:00,0.405,145,0.2322984567221736,-0.3317565779370417
2019-05-12 23:49:00,0.368,145,0.2110761285771849,-0.30144795229834903
2019-05-12 23:55:00,0.401,146,0.22423635429176952,-0.3324440665945717
2019-05-13 00:01:00,0.42700000000000005,148,0.2262755258275785,-0.36211653705879393
2019-05-13 00:07:00,0.434,144,0.2550987994949334,-0.3511133755587271
2019-05-13 00:13:00,0.34600000000000003,144,0.20337369729319577,-0.2799198800537318
2019-05-13 00:19:00,0.337,143,0.20281166280224025,-0.2691401668859377
2019-05-13 00:25:00,0.569,140,0.36574614991164095,-0.4358792881346984
2019-05-13 00:31:00,0.312,142,0.1920863803016054,-0.24585935512529725
2019-05-13 00:37:00,0.337,146,0.18844800846964171,-0.279385661951049
2019-05-13 00:43:00,0.366,145,0.2099289757044828,-0.299809648209771
2019-05-13 00:49:00,0.47,143,0.2828530608814626,-0.37535868972222763
2019-05-13 00:55:00,0.435,142,0.2678127417666614,-0.342784677818924
2019-05-13 01:01:00,0.41,144,0.24099195343991403,-0.3316969676937284
2019-05-13 01:07:00,0.365,143,0.21966248345049758,-0.2915019611672619
2019-05-13 01:13:00,0.37,142,0.22779474587049361,-0.2915639788344871
2019-05-13 01:19:00,0.377,150,0.18849999999999997,-0.3264915772267334
2019-05-13 01:25:00,0.402,147,0.21894489207604098,-0.33714556831406045
2019-05-13 01:31:00,0.301,152,0.1413109403985531,-0.265767225450537
2019-05-13 01:37:00,0.397,145,0.22770984523136525,-0.3252033615827298
2019-05-13 01:43:00,0.436,142,0.2684284032419871,-0.34357268857253076
2019-05-13 01:49:00,0.506,142,0.31152470651478315,-0.39873344132500127
2019-05-13 02:01:00,0.475,142,0.2924392007796877,-0.3743051079631929
2019-05-13 02:07:00,0.47100000000000003,145,0.2701545015213426,-0.3858206128601152
2019-05-13 02:13:00,0.475,144,0.27919799483892477,-0.3842830723281
2019-05-13 02:19:00,0.439,149,0.22610171488551387,-0.3762964450082273
2019-05-13 02:25:00,0.45799999999999996,146,0.25611034978960207,-0.37969920823020903
2019-05-13 02:31:00,0.496,144,0.29154148513706674,-0.40127242920997386
2019-05-13 02:37:00,0.40299999999999997,146,0.22535474009871098,-0.3341021417396817
2019-05-13 02:43:00,0.45299999999999996,143,0.2726222054878778,-0.3617818860514237
2019-05-13 02:49:00,0.38799999999999996,146,0.21696684654664977,-0.32166657815135613
2019-05-13 02:55:00,0.364,143,0.21906066842734553,-0.29070332565721463
2019-05-13 03:01:00,0.442,143,0.2660022402332053,-0.35299689544090346
2019-05-13 03:07:00,0.43,145,0.24663786763094975,-0.3522353790442665
2019-05-13 03:13:00,0.45299999999999996,147,0.24672148286180734,-0.379917767279277
2019-05-13 03:19:00,0.447,144,0.26274000777473555,-0.3616305964856015
2019-05-13 03:25:00,0.40700000000000003,146,0.227591511712594,-0.337418292029902
2019-05-13 03:31:00,0.43700000000000006,144,0.25686215525181083,-0.353540426541852
2019-05-13 03:37:00,0.37200000000000005,138,0.24891658556549534,-0.27644987507759067
2019-05-13 03:43:00,0.39,139,0.25586302130629784,-0.2943367362868811
2019-05-13 03:49:00,0.41200000000000003,143,0.24794778953864385,-0.32903783013948473
2019-05-13 03:55:00,0.358,143,0.21544977828843323,-0.2859115125969309
2019-05-13 04:01:00,0.318,142,0.19578034915355938,-0.2505874196469376
2019-05-13 04:07:00,0.373,142,0.2296417302964706,-0.29392801109530725
2019-05-13 04:13:00,0.37200000000000005,144,0.21865611385280007,-0.30095432190748045
2019-05-13 04:19:00,0.305,131,0.2301864219679455,-0.2000980038421047
2019-05-13 04:25:00,0.365,135,0.25809397513308985,-0.2580939751330898
2019-05-13 04:31:00,0.308,141,0.19383068044334992,-0.23936095612874703
2019-05-13 04:37:00,0.306,135,0.21637467504308355,-0.21637467504308353
2019-05-13 04:43:00,0.318,141,0.20012388435384829,-0.24713241574331676
2019-05-13 04:49:00,0.309,137,0.21073749325931201,-0.22598829380032368
2019-05-13 04:55:00,0.25,145,0.14339410908776148,-0.20478801107224798
2019-05-13 05:01:00,0.292,142,0.17977315079509223,-0.2300991400531628
2019-05-13 05:07:00,0.341,141,0.21459825334799457,-0.2650067728568271
2019-05-13 05:13:00,0.304,148,0.1610954563268943,-0.2578066212315535
2019-05-13 05:19:00,0.337,143,0.20281166280224025,-0.2691401668859377
2019-05-13 05:25:00,0.327,147,0.17809696444991394,-0.27424527571815366
2019-05-13 05:31:00,0.265,143,0.15948098113529277,-0.21163841016253265
2019-05-13 05:37:00,0.248,146,0.13867984006074524,-0.20560131799365033
2019-05-13 05:43:00,0.27,143,0.162490056251053,-0.2156315877127691
2019-05-13 05:49:00,0.205,141,0.12901068016521666,-0.15931492209867903
2019-05-13 05:55:00,0.25,134,0.17983495008466277,-0.17366459261474934
2019-05-13 06:01:00,0.287,138,0.19204048402499233,-0.2132825649120121
2019-05-13 06:07:00,0.22899999999999998,128,0.18045446257593933,-0.14098647784957574
2019-05-13 06:13:00,0.26,138,0.17397395765330317,-0.1932176546241225
2019-05-13 06:19:00,0.271,137,0.1848215555769371,-0.1981968531387952
2019-05-13 06:25:00,0.308,137,0.21005549489924952,-0.2252569400987045
2019-05-13 06:31:00,0.299,139,0.19616164966816166,-0.22565816448660883
2019-05-13 06:37:00,0.239,139,0.15679810792873122,-0.1803755896732425
2019-05-13 06:43:00,0.24,140,0.15426902632476946,-0.18385066634855468
2019-05-13 06:49:00,0.293,134,0.21076656149922476,-0.20353490254448622
2019-05-13 06:55:00,0.35700000000000004,135,0.2524371208835975,-0.2524371208835975
2019-05-13 07:01:00,0.24600000000000002,136,0.17088595913291332,-0.17695759088330823
2019-05-13 07:07:00,0.447,136,0.31051229159517174,-0.32154489075137715
2019-05-13 07:13:00,0.302,128,0.23797924758923003,-0.1859297655483488
2019-05-13 07:19:00,0.26899999999999996,135,0.19021172413918128,-0.19021172413918125
2019-05-13 07:25:00,0.285,140,0.18319446876066373,-0.21832266628890867
2019-05-13 07:31:00,0.332,137,0.2264234555407495,-0.2428094289375646
2019-05-13 07:37:00,0.26,135,0.18384776310850237,-0.18384776310850234
2019-05-13 07:43:00,0.248,120,0.2147743001385408,-0.12399999999999994
2019-05-13 07:49:00,0.35100000000000003,133,0.2567051492683289,-0.23938142438193694
2019-05-13 07:55:00,0.235,142,0.1446804467015297,-0.18518252709757962
2019-05-13 08:01:00,0.20800000000000002,140,0.13369982281480022,-0.15933724416874742
2019-05-13 08:07:00,0.254,131,0.19169623337658412,-0.1666389933635888
2019-05-13 08:13:00,0.262,136,0.18200049306025726,-0.18846702768872664
2019-05-13 08:19:00,0.285,133,0.2084358049614636,-0.194369532617812
2019-05-13 08:25:00,0.34299999999999997,141,0.2158568941300942,-0.266561064779741
2019-05-13 08:31:00,0.24600000000000002,147,0.13398120261369673,-0.2063129597145743
2019-05-13 08:37:00,0.271,147,0.14759717848907242,-0.2272797239132099
2019-05-13 08:43:00,0.155,135,0.10960155108391487,-0.10960155108391485
2019-05-13 08:49:00,0.207,135,0.14637110370561535,-0.14637110370561532
2019-05-13 08:55:00,0.251,131,0.1894321046359158,-0.1646708162766173
2019-05-13 09:01:00,0.195,128,0.1536620969533108,-0.12005398768850337
2019-05-13 09:07:00,0.315,137,0.21482948341968702,-0.2303764160100387
2019-05-13 09:13:00,0.265,142,0.1631502909612995,-0.20882284970578133
2019-05-13 09:19:00,0.22699999999999998,129,0.1764121332507324,-0.14285572876831304
2019-05-13 09:25:00,0.255,136,0.1771378844670443,-0.1834316490863561
2019-05-13 09:31:00,0.306,136,0.21256546136045312,-0.2201179789036273
2019-05-13 09:37:00,0.299,130,0.2290472884925744,-0.19219349529627527
2019-05-13 09:43:00,0.297,136,0.20631353602632213,-0.21364392070057941
2019-05-13 09:49:00,0.297,138,0.1987317900885809,-0.22071401316678604
2019-05-13 09:55:00,0.31,138,0.20743048797124608,-0.23037489589799218
2019-05-13 10:01:00,0.226,135,0.15980613254815976,-0.15980613254815973
2019-05-13 10:07:00,0.28300000000000003,133,0.2069730975582253,-0.19300553589768707
2019-05-13 10:13:00,0.35,134,0.25176893011852786,-0.24313042966064907
2019-05-13 10:19:00,0.27899999999999997,138,0.18668743917412145,-0.20733740630819295
2019-05-13 10:25:00,0.23,148,0.12188143077363714,-0.19505106211597797
2019-05-13 10:31:00,0.24,154,0.10520907522937854,-0.2157105711118001
2019-05-13 10:37:00,0.203,151,0.09841635291000646,-0.17754780054929734
2019-05-13 10:43:00,0.20600000000000002,131,0.15547017352589107,-0.1351481599720445
2019-05-13 10:49:00,0.264,133,0.19307737722746104,-0.18004756705649957
2019-05-13 10:55:00,0.222,139,0.14564510443589263,-0.1675455268094554
2019-05-13 11:01:00,0.175,140,0.1124878316951444,-0.13405777754582113
2019-05-13 11:07:00,0.20800000000000002,137,0.1418556588929997,-0.15212156993678747
2019-05-13 11:13:00,0.233,141,0.14663165111461213,-0.18107500901947424
2019-05-13 11:19:00,0.245,139,0.16073446210267428,-0.18490384715457914
2019-05-13 11:25:00,0.177,143,0.10652125909791252,-0.14135848527837083
2019-05-13 11:31:00,0.147,140,0.0944897786239213,-0.11260853313848974
2019-05-13 11:37:00,0.19399999999999998,144,0.1140303389447398,-0.15694929690873977
2019-05-13 11:43:00,0.32799999999999996,142,0.20193696390681593,-0.25846752718300475
2019-05-13 11:49:00,0.303,135,0.21425335469952392,-0.21425335469952386
2019-05-13 11:55:00,0.214,141,0.1346745636846652,-0.16630923575179177
2019-05-13 12:01:00,0.24600000000000002,121,0.21086315597271965,-0.12669936642787336
2019-05-13 12:07:00,0.17,122,0.14416817634659243,-0.09008627491964483
2019-05-13 12:13:00,0.235,120,0.2035159698893431,-0.11749999999999994
2019-05-13 12:19:00,0.233,123,0.19541024233128382,-0.1269008951585013
2019-05-13 12:25:00,0.2,121,0.1714334601404225,-0.10300761498201086
2019-05-13 12:31:00,0.154,120,0.13336791218280356,-0.07699999999999997
2019-05-13 12:37:00,0.18899999999999997,123,0.15850873734168514,-0.1029367776178401
2019-05-13 12:43:00,0.193,121,0.1654332890355077,-0.09940234845764048
2019-05-13 12:49:00,0.124,118,0.10948550151450694,-0.05821447378545047
2019-05-13 12:55:00,0.19399999999999998,123,0.16270209018141224,-0.10565997279291524
2019-05-13 13:01:00,0.32799999999999996,123,0.27508394628609906,-0.17864160348492886
2019-05-13 13:07:00,0.22399999999999998,126,0.18121980673998822,-0.13166389651351396
2019-05-13 13:13:00,0.27399999999999997,132,0.203621682180806,-0.18334178614232713
2019-05-13 13:19:00,0.313,128,0.24664736587890398,-0.19270204177693104
2019-05-13 13:25:00,0.13699999999999998,132,0.101810841090403,-0.09167089307116356
2019-05-13 13:31:00,0.135,131,0.10188579333007425,-0.08856796891371847
2019-05-13 13:37:00,0.122,128,0.09613731194002008,-0.07511069998973031
2019-05-13 13:43:00,0.086,117,0.07662656108019963,-0.03904318297760102
2019-05-13 13:49:00,0.138,126,0.11164434522374275,-0.08111436481636128
2019-05-13 13:55:00,0.094,120,0.08140638795573724,-0.04699999999999998
2019-05-13 14:01:00,0.111,120,0.0961288198200727,-0.05549999999999997
2019-05-13 14:07:00,0.10099999999999999,131,0.07622566760249998,-0.06626196192804122
2019-05-13 14:13:00,0.084,125,0.0688087717202753,-0.04818042065348788
2019-05-13 14:19:00,0.057999999999999996,109,0.05484007738476037,-0.018882952958515085
2019-05-13 14:25:00,0.193,143,0.11615029946834529,-0.15413665343912755
2019-05-13 14:31:00,0.126,133,0.09215056640401549,-0.08593179336787479
2019-05-13 14:37:00,0.03,43,0.020459950801874953,0.02194061104857511
2019-05-13 14:43:00,0.182,104,0.17659382218223135,-0.04402978499913954
2019-05-13 14:49:00,0.192,122,0.1628252344620338,-0.10174449873277532
2019-05-13 14:55:00,0.006,19,0.0019534089267429404,0.005673111453595901
2019-05-13 15:01:00,0.052000000000000005,63,0.046332339257795126,0.023607505986456435
2019-05-13 15:07:00,0.081,129,0.06294882287801465,-0.05097495167503682
2019-05-13 15:13:00,0.08800000000000001,127,0.07027992488416177,-0.05295972203738026
2019-05-13 15:19:00,0.091,127,0.07267583141430363,-0.054765167106836404
2019-05-13 15:25:00,0.40700000000000003,122,0.3451555751356654,-0.21567714054291437
2019-05-13 15:31:00,0.255,139,0.16729505239257936,-0.19245094295680687
2019-05-13 15:37:00,0.209,133,0.15285292363840663,-0.14253765725306214
2019-05-13 15:43:00,0.19699999999999998,127,0.15733119547931665,-0.11855755956095351
2019-05-13 15:49:00,0.114,146,0.06374799099566515,-0.09451028327127475
2019-05-13 15:55:00,0.042,143,0.025276230972386023,-0.033542691421986306
2019-05-13 16:01:00,0.08199999999999999,129,0.06372596883947161,-0.05160427206608665
2019-05-13 16:07:00,0.087,140,0.055922522042728934,-0.06664586655135107
2019-05-13 16:13:00,0.01,185,-0.0008715574274765794,-0.009961946980917456
2019-05-13 16:19:00,0.013000000000000001,114,0.011876090949353811,-0.005287576359985404
2019-05-13 16:25:00,0.024,325,-0.013765834472425116,0.019659649062935797
2019-05-13 16:31:00,0.037000000000000005,348,-0.007692732560257117,0.03619146122715081
2019-05-13 16:37:00,0.003,185,-0.0002614672282429738,-0.0029885840942752368
2019-05-13 16:43:00,0.062,312,-0.04607497917959846,0.041486097594249184
2019-05-13 16:49:00,0.11,311,-0.08301805382450494,0.07216649318895578
2019-05-13 16:55:00,0.11,325,-0.06309340799861511,0.09010672487178907
2019-05-13 17:01:00,0.156,315,-0.11030865786510144,0.11030865786510138
2019-05-13 17:07:00,0.13,323,-0.07823595300976628,0.10382261630614807
2019-05-13 17:13:00,0.09,323,-0.05416335208368434,0.07187719590425636
2019-05-13 17:19:00,0.35100000000000003,313,-0.2567051492683288,0.23938142438193702
2019-05-13 17:31:00,0.099,313,-0.07240401646029787,0.06751783764618736
2019-05-13 17:37:00,0.114,320,-0.07327778750426552,0.08732906651556348
2019-05-13 17:43:00,0.11599999999999999,312,-0.08620479975537776,0.0776191503376275
2019-05-13 17:49:00,0.191,307,-0.15253938241903298,0.11494666942204115
2019-05-13 17:55:00,0.183,311,-0.13811185318076732,0.1200588023052628
2019-05-13 18:01:00,0.17600000000000002,319,-0.11546638910232931,0.13282888611920787
2019-05-13 18:07:00,0.191,317,-0.13026168677193717,0.1396885570092616
2019-05-13 18:13:00,0.195,311,-0.1471683681434406,0.12793151065314887
2019-05-13 18:19:00,0.242,315,-0.17111984104714453,0.17111984104714445
2019-05-13 18:25:00,0.27,331,-0.13089859746651097,0.2361473209276369
2019-05-13 18:31:00,0.174,311,-0.13131946695876237,0.11415427104434822
2019-05-13 18:37:00,0.22399999999999998,310,-0.1715939552586511,0.14398442456978477
2019-05-13 18:43:00,0.266,323,-0.16008279615844484,0.2124370456725799
2019-05-13 18:49:00,0.25,316,-0.1736645926147494,0.17983495008466271
2019-05-13 18:55:00,0.24,317,-0.16367960641499957,0.17552488838860095
2019-05-13 19:01:00,0.289,316,-0.2007562690626503,0.20788920229787008
2019-05-13 19:07:00,0.258,316,-0.17922185957842138,0.18558966848737193
2019-05-13 19:13:00,0.183,312,-0.13599550306236322,0.12245090096367098
2019-05-13 19:19:00,0.191,309,-0.14843487863828142,0.12020019469051897
2019-05-13 19:25:00,0.23399999999999999,318,-0.15657656188797278,0.17389588916171025
2019-05-13 19:31:00,0.179,317,-0.12207770645118718,0.13091231258983155
2019-05-13 19:37:00,0.256,313,-0.1872265476145076,0.17459158017599966
2019-05-13 19:43:00,0.16899999999999998,313,-0.12359877557363978,0.11525772285056225
2019-05-13 19:49:00,0.282,318,-0.18869483099319798,0.20956684078462515
2019-05-13 19:55:00,0.28300000000000003,317,-0.19300553589768701,0.20697309755822532
2019-05-13 20:07:00,0.18,305,-0.14744736797201852,0.10324375854318829
2019-05-13 20:13:00,0.183,315,-0.1294005409571382,0.12940054095713815
2019-05-13 20:25:00,0.146,322,-0.08988657539754609,0.11504957002658141
2019-05-13 20:31:00,0.161,315,-0.11384419177103418,0.11384419177103412
2019-05-13 20:37:00,0.243,316,-0.1688019840215364,0.17479957148229217
2019-05-13 20:43:00,0.213,313,-0.15577833844488329,0.1452656506933122
2019-05-13 20:49:00,0.213,312,-0.15828984782668504,0.1425248191544367
2019-05-13 20:55:00,0.17800000000000002,316,-0.12364918994170158,0.12804248446027985
2019-05-13 21:01:00,0.10800000000000001,293,-0.09941452417286359,0.042198961876841544
2019-05-13 21:07:00,0.22,310,-0.16852977748617518,0.14141327413103863
2019-05-13 21:19:00,0.135,324,-0.0793510090594839,0.1092172942406179
2019-05-13 21:25:00,0.12,326,-0.06710314841648958,0.09948450870660502
2019-05-13 21:31:00,0.145,321,-0.09125145670222648,0.11268616441126073
2019-05-13 21:37:00,0.079,307,-0.06309220529373614,0.04754338682901179
2019-05-13 21:43:00,0.077,329,-0.039657931768074195,0.06600188215406264
2019-05-13 21:49:00,0.07,317,-0.04773988520437488,0.05119475911334195
2019-05-13 21:55:00,0.044000000000000004,295,-0.03987754262961259,0.018595203516590785
2019-05-13 22:01:00,0.033,327,-0.017973088155495892,0.027676128742198994
2019-05-13 22:07:00,0.039,142,0.024010797537700676,-0.030732419390662156
2019-05-13 22:13:00,0.012,26,0.005260453761468929,0.010785528555590005
2019-05-13 22:19:00,0.026000000000000002,116,0.023368645203778342,-0.011397649816516016
2019-05-13 22:25:00,0.013999999999999999,174,0.0014633984857471522,-0.013923306535155824
2019-05-13 22:31:00,0.019,156,0.007727996218440208,-0.017357363695209415
2019-05-13 22:37:00,0.069,136,0.047931427561670806,-0.04963444622336694
2019-05-13 22:43:00,0.055999999999999994,137,0.03819190816349991,-0.040955807290673545
2019-05-13 22:49:00,0.068,137,0.0463758884842499,-0.04973205171010359
2019-05-13 22:55:00,0.126,136,0.08752695467783364,-0.09063681484267007
2019-05-13 23:19:00,0.15,138,0.10036959095382875,-0.11147172382160912
